1,-429,Fall
1,-279,Boss
1,-390,Boss
2,-400,Boss
3,-550,Fall
4,-540,Fall
5,-400,Boss
6,-540,Fall
7,-540,Fall
8,-269,Boss
9,-550,Fall
10,-550,Fall
11,-540,Fall
12,-540,Fall
13,-550,Fall
14,-540,Fall
15,-350,Boss
16,-540,Fall
17,-390,Boss
18,-540,Fall
19,-400,Boss
20,-550,Fall
21,-550,Fall
22,-540,Fall
23,-400,Boss
24,-550,Fall
25,-550,Fall
26,-540,Fall
27,-400,Boss
28,-540,Fall
29,-400,Boss
30,-550,Fall
31,-550,Fall
32,-390,Boss
33,-400,Boss
34,-400,Boss
35,-540,Fall
36,-550,Fall
37,-550,Fall
38,-550,Fall
39,-550,Fall
40,-540,Fall
41,-540,Fall
42,-540,Fall
43,-540,Fall
44,-550,Fall
45,-395.928,Boss
46,-400,Boss
47,-540,Fall
48,-540,Fall
49,-400,Boss
50,-470.3,WIN
51,-710.3,WIN
52,-400,Boss
53,-390,Boss
54,-550,Fall
55,-540,Fall
56,-400,Boss
57,-386.406,Boss
58,-400,Boss
59,-400,Boss
60,-540,Fall
61,-550,Fall
62,-540,Fall
63,-400,Boss
64,-550,Fall
65,-390,Boss
66,-540,Fall
67,-550,Fall
68,-550,Fall
69,-550,Fall
70,-540,Fall
71,-400,Boss
72,-390,Boss
73,-550,Fall
74,-390,Boss
75,-386.598,Boss
76,-390,Boss
77,-400,Boss
78,-549,Fall
79,-400,Boss
80,-400,Boss
81,-396.055,Boss
82,-400,Boss
83,-550,Fall
84,-550,Fall
85,-550,Fall
86,-540,Fall
87,-550,Fall
88,-540,Fall
89,-550,Fall
90,-396.374,Boss
91,-550,Fall
92,-550,Fall
93,-390,Boss
94,-540,Fall
95,-540,Fall
96,-540,Fall
97,-550,Fall
98,-550,Fall
99,-550,Fall
100,-288,Boss
101,-550,Fall
102,-400,Boss
103,-540,Fall
104,-550,Fall
105,-540,Fall
106,-540,Fall
107,-279,Boss
108,21,Boss
109,-550,Fall
110,-550,Fall
111,-540,Fall
112,-550,Fall
113,-540,Fall
114,-540,Fall
115,-396.279,Boss
116,-540,Fall
117,-550,Fall
118,-400,Boss
119,-400,Boss
120,-386.247,Boss
121,-540,Fall
122,-550,Fall
123,-540,Fall
124,-390,Boss
125,-550,Fall
126,-400,Boss
127,-390,Boss
128,-400,Boss
129,-540,Fall
130,-540,Fall
131,-550,Fall
132,-350,Boss
133,-400,Boss
134,-540,Fall
135,-550,Fall
136,-540,Fall
137,-395.928,Boss
138,-550,Fall
139,-529,Fall
140,-550,Fall
141,-540,Fall
142,-540,Fall
143,-550,Fall
144,-550,Fall
145,-550,Fall
146,-540,Fall
147,-550,Fall
148,-384.151,Boss
149,-550,Fall
150,-550,Fall
151,-540,Fall
152,-400,Boss
153,-390,Boss
154,-386.247,Boss
155,-400,Boss
156,-540,Fall
157,-550,Fall
158,-550,Fall
159,-540,Fall
160,-550,Fall
161,-400,Boss
162,-400,Boss
163,-540,Fall
164,-390,Boss
165,-540,Fall
166,-540,Fall
167,-390,Boss
168,-540,Fall
169,-540,Fall
170,-390,Boss
171,-540,Fall
172,-39.64,Boss
173,-550,Fall
174,-386.374,Boss
175,-400,Boss
176,-550,Fall
177,-550,Fall
178,-546.343,Fall
179,-540,Fall
180,-540,Fall
181,-550,Fall
182,-540,Fall
183,-540,Fall
184,-540,Fall
185,-385.279,Boss
186,-550,Fall
187,-540,Fall
188,-550,Fall
189,-550,Fall
190,-540,Fall
191,-298,Boss
192,-540,Fall
193,-550,Fall
194,-367,Boss
195,-550,Fall
196,-540,Fall
197,-540,Fall
198,-550,Fall
199,-363.938,Boss
200,-400,Boss
201,-540,Fall
202,-540,Fall
203,-540,Fall
204,-540,Fall
205,-400,Boss
206,-550,Fall
207,-400,Boss
208,-550,Fall
209,-540,Fall
210,-386.949,Boss
211,-400,Boss
212,-550,Fall
213,-400,Boss
214,-390,Boss
215,-540,Fall
216,-540,Fall
217,-546.247,Fall
218,-540,Fall
219,-540,Fall
220,-540,Fall
221,-390,Boss
222,-540,Fall
223,-550,Fall
224,-550,Fall
225,-540,Fall
226,-540,Fall
227,-550,Fall
228,-540,Fall
229,-550,Fall
230,-535.672,Fall
231,-550,Fall
232,-540,Fall
233,-400,Boss
234,-540,Fall
235,-400,Boss
236,-550,Fall
237,-550,Fall
238,-550,Fall
239,-380,Boss
240,-550,Fall
241,-535.417,Fall
242,-390,Boss
243,-398,Boss
244,-395.577,Boss
245,-400,Boss
246,-540,Fall
247,-550,Fall
248,-550,Fall
249,-400,Boss
250,-550,Fall
251,702,Boss
252,-400,Boss
253,-400,Boss
254,-540,Fall
255,-384.715,Boss
256,-550,Fall
257,-540,Fall
258,-550,Fall
259,-540,Fall
260,338.498,Boss
261,-540,Fall
262,-390,Boss
263,-400,Boss
264,-395.832,Boss
265,-395.672,Boss
266,-540,Fall
267,-544.874,Fall
268,-550,Fall
269,-550,Fall
270,-540,Fall
271,-400,Boss
272,-400,Boss
273,-550,Fall
274,-540,Fall
275,-550,Fall
276,-163.502,Boss
277,-550,Fall
278,-550,Fall
279,-550,Fall
280,-550,Fall
281,-550,Fall
282,-550,Fall
283,-400,Boss
284,-550,Fall
285,-400,Boss
286,-390,Boss
287,-550,Fall
288,-400,Boss
289,-540,Fall
290,-545.736,Fall
291,-540,Fall
292,-550,Fall
293,-550,Fall
294,-400,Boss
295,-550,Fall
296,-540,Fall
297,-550,Fall
298,-400,Boss
299,-540,Fall
300,-550,Fall
301,-540,Fall
302,-393.8,Boss
303,-550,Fall
304,-400,Boss
305,-546.949,Fall
306,-550,Fall
307,-284.662,Boss
308,-550,Fall
309,-400,Boss
310,-385.545,Boss
311,-550,Fall
312,-550,Fall
313,6566.009,Fall
314,-540,Fall
315,-550,Fall
316,-540,Fall
317,-540,Fall
318,-550,Fall
319,-540,Fall
320,-400,Boss
321,-400,Boss
322,-550,Fall
323,-323.779,Boss
324,-545.385,Fall
325,-534.406,Fall
326,-550,Fall
327,-540,Fall
328,-550,Fall
329,-540,Fall
330,-143.098,Fall
331,-550,Fall
332,-550,Fall
333,-395.768,Boss
334,-550,Fall
335,-550,Fall
336,-390,Boss
337,-540,Fall
338,-550,Fall
339,-550,Fall
340,-400,Boss
341,-540,Fall
342,-400,Boss
343,-550,Fall
344,-540,Fall
345,-530,Fall
346,-400,Boss
347,-274.449,Boss
348,-390,Boss
349,-550,Fall
350,-400,Boss
351,-390,Boss
352,-540,Fall
353,-544.874,Fall
354,-550,Fall
355,-400,Boss
356,-540,Fall
357,-396.343,Boss
358,-550,Fall
359,-384.938,Boss
360,-540,Fall
361,-550,Fall
362,-394.204,Boss
363,-550,Fall
364,-550,Fall
365,-550,Fall
366,-550,Fall
367,-540,Fall
368,-550,Fall
369,102.806,Boss
370,-550,Fall
371,-544.779,Fall
372,-550,Fall
373,-540,Fall
374,-400,Boss
375,-550,Fall
376,-550,Fall
377,-550,Fall
378,-536.374,Fall
379,-540,Fall
380,-540,Fall
381,-400,Boss
382,-400,Boss
383,-540,Fall
384,-540,Fall
385,-417,Fall
386,-550,Fall
387,-385.577,Boss
388,-390,Boss
389,-540,Fall
390,-394.715,Boss
391,-123.247,Fall
392,-540,Fall
393,-396.406,Boss
394,-279,Boss
395,-550,Fall
396,-540,Fall
397,-550,Fall
398,-540,Fall
399,-540,Fall
400,-400,Boss
401,-400,Boss
402,-540,Fall
403,-400,Boss
404,-550,Fall
405,-390,Boss
406,-550,Fall
407,-540,Fall
408,-550,Fall
409,-540,Fall
410,-385.194,Boss
411,-550,Fall
412,-536.406,Fall
413,-540,Fall
414,-550,Fall
415,-540,Fall
416,-540,Fall
417,-550,Fall
418,-400,Boss
419,-400,Boss
420,-550,Fall
421,-550,Fall
422,-400,Boss
423,-540,Fall
424,-540,Fall
425,-390,Boss
426,-550,Fall
427,-540,Fall
428,-550,Fall
429,-400,Boss
430,-550,Fall
431,-550,Fall
432,-550,Fall
433,-550,Fall
434,-540,Fall
435,-390,Boss
436,-400,Boss
437,-550,Fall
438,-536.343,Fall
439,-540,Fall
440,-540,Fall
441,-526.268,Fall
442,-516.619,Fall
443,-516.587,Fall
444,-518.343,Fall
445,-518.694,Fall
446,-516.077,Fall
447,-516.013,Fall
448,-516.14,Fall
449,-516.172,Fall
450,-516.013,Fall
451,-516.077,Fall
452,-516.172,Fall
453,-516.172,Fall
454,-516.779,Fall
455,-516.651,Fall
456,-515.279,Fall
457,-515.279,Fall
458,-516.109,Fall
459,-516.109,Fall
460,-516.332,Fall
461,-516.013,Fall
462,-517.289,Fall
463,-518.279,Fall
464,-516.491,Fall
465,-516.587,Fall
466,-516.109,Fall
467,-516.077,Fall
468,-516.109,Fall
469,-516.077,Fall
470,-516.109,Fall
471,-516.109,Fall
472,-515.374,Fall
473,-515.406,Fall
474,-516.109,Fall
475,-516.14,Fall
476,-516.14,Fall
477,-516.204,Fall
478,-516.555,Fall
479,-516.715,Fall
480,-516.651,Fall
481,-516.332,Fall
482,-516.109,Fall
483,-516.077,Fall
484,-515.279,Fall
485,-514.96,Fall
486,-516.14,Fall
487,-516.109,Fall
488,-860.3,WIN
489,-860.3,WIN
490,-860.3,WIN
491,-860.3,WIN
492,-390,Boss
493,-390,Boss
494,-390,Boss
495,-390,Boss
496,-390,Boss
497,-390,Boss
498,-390,Boss
499,-390,Boss
500,-390,Boss
501,-390,Boss
502,-390,Boss
503,-390,Boss
504,-390,Boss
505,-390,Boss
506,-390,Boss
507,-390,Boss
508,-390,Boss
509,-390,Boss
510,-390,Boss
511,-390,Boss
512,-390,Boss
513,-390,Boss
514,-390,Boss
515,-390,Boss
516,-390,Boss
517,-390,Boss
518,-390,Boss
519,-390,Boss
520,-390,Boss
521,-390,Boss
522,-390,Boss
523,-390,Boss
524,-390,Boss
525,-390,Boss
526,-390,Boss
527,-390,Boss
528,-390,Boss
529,-390,Boss
530,-390,Boss
531,-390,Boss
532,-390,Boss
533,-390,Boss
534,-390,Boss
535,-390,Boss
536,-390,Boss
537,-390,Boss
538,-390,Boss
539,-390,Boss
540,-390,Boss
541,-390,Boss
542,-390,Boss
543,-390,Boss
544,-390,Boss
545,-390,Boss
546,-390,Boss
547,-390,Boss
548,-390,Boss
549,-390,Boss
550,-390,Boss
551,-390,Boss
552,-390,Boss
553,-390,Boss
554,-390,Boss
555,-390,Boss
556,-390,Boss
557,-390,Boss
558,-390,Boss
559,-390,Boss
560,-390,Boss
561,-390,Boss
562,-390,Boss
563,-390,Boss
564,-390,Boss
565,-390,Boss
566,-390,Boss
567,-390,Boss
568,-390,Boss
569,-390,Boss
570,-390,Boss
571,-390,Boss
572,-390,Boss
573,-390,Boss
574,-390,Boss
575,-390,Boss
576,-390,Boss
577,-390,Boss
578,-390,Boss
579,-390,Boss
580,-390,Boss
581,-390,Boss
582,-390,Boss
583,-390,Boss
584,-390,Boss
585,-390,Boss
586,-390,Boss
587,-390,Boss
588,-390,Boss
589,-390,Boss
590,-390,Boss
591,-390,Boss
592,-390,Boss
593,-390,Boss
594,-390,Boss
595,-390,Boss
596,-390,Boss
597,-390,Boss
598,-390,Boss
599,-390,Boss
600,-390,Boss
601,-390,Boss
602,-390,Boss
603,-390,Boss
604,-390,Boss
605,-390,Boss
606,-390,Boss
607,-390,Boss
608,-390,Boss
609,-390,Boss
610,-390,Boss
611,-390,Boss
612,-390,Boss
613,-390,Boss
614,-390,Boss
615,-390,Boss
616,-390,Boss
617,-390,Boss
618,-390,Boss
619,-390,Boss
620,-390,Boss
621,-390,Boss
622,-390,Boss
623,-390,Boss
624,-390,Boss
625,-390,Boss
626,-390,Boss
627,-390,Boss
628,-390,Boss
629,-390,Boss
630,-390,Boss
631,-390,Boss
632,-390,Boss
633,-390,Boss
634,-390,Boss
635,-390,Boss
636,-390,Boss
637,-390,Boss
638,-390,Boss
639,-390,Boss
640,-390,Boss
641,-390,Boss
642,-390,Boss
643,-390,Boss
644,-390,Boss
645,-390,Boss
646,-390,Boss
647,-390,Boss
648,-390,Boss
649,-390,Boss
650,-390,Boss
651,-390,Boss
652,-390,Boss
653,-390,Boss
654,-390,Boss
655,-390,Boss
656,-390,Boss
657,-390,Boss
658,-390,Boss
659,-390,Boss
660,-390,Boss
661,-390,Boss
662,-390,Boss
663,-390,Boss
664,-390,Boss
665,-390,Boss
666,-390,Boss
667,-390,Boss
668,-390,Boss
669,-390,Boss
670,-390,Boss
671,-390,Boss
672,-390,Boss
673,-390,Boss
674,-390,Boss
675,-390,Boss
676,-390,Boss
677,-390,Boss
678,-390,Boss
679,-390,Boss
680,-390,Boss
681,-390,Boss
682,-390,Boss
683,-390,Boss
684,-390,Boss
685,-390,Boss
686,-390,Boss
687,-390,Boss
688,-390,Boss
689,-390,Boss
690,-390,Boss
691,-390,Boss
692,-390,Boss
693,-390,Boss
694,-390,Boss
695,-390,Boss
696,-390,Boss
697,-390,Boss
698,-390,Boss
699,-390,Boss
700,-390,Boss
701,-390,Boss
702,-390,Boss
703,-390,Boss
704,-390,Boss
705,-390,Boss
706,-390,Boss
707,-390,Boss
708,-390,Boss
709,-390,Boss
710,-390,Boss
711,-390,Boss
712,-390,Boss
713,-390,Boss
714,-390,Boss
715,-390,Boss
716,-390,Boss
717,-390,Boss
718,-390,Boss
719,-390,Boss
720,-390,Boss
721,-390,Boss
722,-390,Boss
723,-390,Boss
724,-390,Boss
725,-390,Boss
726,-390,Boss
727,-390,Boss
728,-390,Boss
729,-390,Boss
730,-390,Boss
731,-390,Boss
732,-390,Boss
733,-390,Boss
734,-390,Boss
735,-390,Boss
736,-390,Boss
737,-390,Boss
738,-390,Boss
739,-390,Boss
740,-390,Boss
741,-390,Boss
742,-390,Boss
743,-390,Boss
744,-390,Boss
745,-390,Boss
746,-390,Boss
747,-390,Boss
748,-390,Boss
749,-390,Boss
750,-390,Boss
751,-390,Boss
752,-390,Boss
753,-390,Boss
754,-390,Boss
755,-390,Boss
756,-390,Boss
757,-390,Boss
758,-390,Boss
759,-390,Boss
760,-390,Boss
761,-390,Boss
762,-390,Boss
763,-390,Boss
764,-390,Boss
765,-390,Boss
766,-390,Boss
767,-390,Boss
768,-390,Boss
769,-390,Boss
770,-390,Boss
771,-390,Boss
772,-390,Boss
773,-390,Boss
774,-390,Boss
775,-390,Boss
776,-390,Boss
777,-390,Boss
778,-390,Boss
779,-390,Boss
780,-390,Boss
781,-390,Boss
782,-390,Boss
783,-390,Boss
784,-390,Boss
785,-390,Boss
786,-390,Boss
787,-390,Boss
788,-390,Boss
789,-390,Boss
790,-390,Boss
791,-390,Boss
792,-390,Boss
793,-390,Boss
794,-390,Boss
795,-390,Boss
796,-390,Boss
797,-390,Boss
798,-390,Boss
799,-390,Boss
800,-390,Boss
801,-390,Boss
802,-390,Boss
803,-390,Boss
804,-390,Boss
805,-390,Boss
806,-390,Boss
807,-390,Boss
808,-390,Boss
809,-390,Boss
810,-390,Boss
811,-390,Boss
812,-390,Boss
813,-390,Boss
814,-390,Boss
815,-390,Boss
816,-390,Boss
817,-390,Boss
818,-390,Boss
819,-390,Boss
820,-390,Boss
821,-390,Boss
822,-390,Boss
823,-390,Boss
824,-390,Boss
825,-390,Boss
826,-390,Boss
827,-390,Boss
828,-390,Boss
829,-390,Boss
830,-390,Boss
831,-390,Boss
832,-390,Boss
833,-390,Boss
834,-390,Boss
835,-390,Boss
836,-390,Boss
837,-390,Boss
838,-390,Boss
839,-390,Boss
840,-390,Boss
841,-390,Boss
842,-390,Boss
843,-390,Boss
844,-390,Boss
845,-390,Boss
846,-390,Boss
847,-390,Boss
848,-390,Boss
849,-390,Boss
850,-390,Boss
851,-390,Boss
852,-390,Boss
853,-390,Boss
854,-390,Boss
855,-390,Boss
856,-390,Boss
857,-390,Boss
858,-390,Boss
859,-390,Boss
860,-390,Boss
861,-390,Boss
862,-390,Boss
863,-390,Boss
864,-390,Boss
865,-390,Boss
866,-390,Boss
867,-390,Boss
868,-390,Boss
869,-390,Boss
870,-390,Boss
871,-390,Boss
872,-390,Boss
873,-390,Boss
874,-390,Boss
875,-390,Boss
876,-390,Boss
877,-390,Boss
878,-390,Boss
879,-390,Boss
880,-390,Boss
881,-390,Boss
882,-390,Boss
883,-390,Boss
884,-390,Boss
885,-390,Boss
886,-390,Boss
887,-390,Boss
888,-390,Boss
889,-390,Boss
890,-390,Boss
891,-390,Boss
892,-390,Boss
893,-390,Boss
894,-390,Boss
895,-390,Boss
896,-390,Boss
897,-390,Boss
898,-390,Boss
899,-390,Boss
900,-390,Boss
901,-390,Boss
902,-390,Boss
903,-390,Boss
904,-390,Boss
905,-390,Boss
906,-390,Boss
907,-390,Boss
908,-390,Boss
909,-390,Boss
910,-390,Boss
911,-390,Boss
912,-390,Boss
913,-390,Boss
914,-390,Boss
915,-390,Boss
916,-390,Boss
917,-390,Boss
918,-390,Boss
919,-390,Boss
920,-390,Boss
921,-390,Boss
922,-390,Boss
923,-390,Boss
924,-390,Boss
925,-390,Boss
926,-390,Boss
927,-390,Boss
928,-390,Boss
929,-390,Boss
930,-390,Boss
931,-390,Boss
932,-390,Boss
933,-390,Boss
934,-390,Boss
935,-390,Boss
936,-390,Boss
937,-390,Boss
938,-390,Boss
939,-390,Boss
940,-390,Boss
941,-390,Boss
942,-390,Boss
943,-390,Boss
944,-390,Boss
945,-390,Boss
946,-390,Boss
947,-390,Boss
948,-390,Boss
949,-390,Boss
950,-390,Boss
951,-390,Boss
952,-390,Boss
953,-390,Boss
954,-390,Boss
955,-390,Boss
956,-390,Boss
957,-390,Boss
958,-390,Boss
959,-390,Boss
960,-390,Boss
961,-390,Boss
962,-390,Boss
963,-390,Boss
964,-390,Boss
965,-390,Boss
966,-390,Boss
967,-390,Boss
968,-390,Boss
969,-390,Boss
970,-390,Boss
971,-390,Boss
972,-390,Boss
973,-390,Boss
974,-390,Boss
975,-390,Boss
976,-390,Boss
977,-390,Boss
978,-390,Boss
979,-390,Boss
980,-390,Boss
981,-390,Boss
982,-390,Boss
983,-390,Boss
984,-390,Boss
985,-390,Boss
986,-390,Boss
987,-390,Boss
988,-390,Boss
989,-390,Boss
990,-390,Boss
991,-390,Boss
992,-390,Boss
993,-390,Boss
994,-390,Boss
995,-390,Boss
996,-390,Boss
997,-390,Boss
998,-390,Boss
999,-380.726,Boss
1000,-550,Fall
1001,-546.343,Fall
1002,-545.577,Fall
1003,-546.534,Fall
1004,-540,Fall
1005,-550,Fall
1006,-540,Fall
1007,-550,Fall
1008,-550,Fall
1009,-395.577,Boss
1010,-536.406,Fall
1011,-550,Fall
1012,-400,Boss
1013,-550,Fall
1014,-400,Boss
1015,-390,Boss
1016,-550,Fall
1017,-535.374,Fall
1018,-540,Fall
1019,-540,Fall
1020,-550,Fall
1021,-546.502,Fall
1022,-429,Fall
1023,-550,Fall
1024,-550,Fall
1025,-550,Fall
1026,-550,Fall
1027,-396.343,Boss
1028,-534.651,Fall
1029,-540,Fall
1030,-550,Fall
1031,-546.47,Fall
1032,-540,Fall
1033,-400,Boss
1034,-540,Fall
1035,-550,Fall
1036,-546.247,Fall
1037,-384.204,Boss
1038,-540,Fall
1039,-550,Fall
1040,-550,Fall
1041,-384.183,Boss
1042,-550,Fall
1043,-550,Fall
1044,-540,Fall
1045,-400,Boss
1046,-396.726,Boss
1047,-400,Boss
1048,-298,Boss
1049,-550,Fall
1050,-550,Fall
1051,-400,Boss
1052,-171.374,Boss
1053,-550,Fall
1054,-137.428,Boss
1055,-550,Fall
1056,-550,Fall
1057,-550,Fall
1058,-550,Fall
1059,-400,Boss
1060,-540,Fall
1061,-860.3,WIN
1062,-400,546,Boss
1063,-550,0,Fall
1064,-540,0,Fall
1065,-540,0,Fall
1066,-540,0,Fall
1067,-400,204,Boss
1068,-390,0,Boss
1069,-550,1142,Fall
1070,-390,350,Boss
1071,-550,0,Fall
1072,-550,0,Fall
1073,-129,542,Fall
1074,-400,0,Boss
1075,-302.151,1702,Fall
1076,-400,0,Boss
1077,-550,0,Fall
1078,-540,0,Fall
1079,-540,0,Fall
1080,-390,0,Boss
1081,-550,0,Fall,14
1082,-546.406,278,Fall,41
1083,-540,0,Fall,13
1084,-400,722,Boss,38
1085,-540,0,Fall,33
1086,-540,0,Fall,28
1087,-400,0,Boss,41
1088,-400,112,Boss,28
1089,-540,0,Fall,11
1090,-550,0,Fall,9
1091,-540,0,Fall,12
1092,-427,1250,Fall,23
1093,-400,0,Boss,26
1094,-540,0,Fall,20
1095,-540,0,Fall,14
1096,-250,2,Boss,21
1097,-386.406,600,Boss,41
1098,-550,0,Fall,18
1099,-550,0,Fall,19
1100,-550,0,Fall,15
1101,-550,0,Fall,14
1102,-235.385,900,Boss,47
1103,-550,0,Fall,7
1104,-540,0,Fall,19
1105,-550,600,Fall,27
1106,-250,600,Boss,41
1107,-550,0,Fall,28
1108,-396.406,600,Boss,41
1109,-400,0,Boss,39
1110,-540,0,Fall,15
1111,-546.981,450,Fall,42
1112,-400,600,Boss,28
1113,-540,0,Fall,12
1114,-390,0,Boss,30
1115,-540,0,Fall,16
1116,-550,0,Fall,29
1117,-400,0,Boss,39
1118,-550,0,Fall,7
1119,-394.747,1200,Boss,44
1120,-540,0,Fall,14
1121,-550,0,Fall,8
1122,-540,300,Fall,34
1123,-540,0,Fall,26
1124,-550,0,Fall,18
1125,-246.502,900,Boss,36
1126,-400,450,Boss,37
1127,-390,0,Boss,35
1128,-540,0,Fall,14
1129,-240,600,Boss,26
1130,-540,0,Fall,44
1131,-546.406,150,Fall,53
1132,-540,0,Fall,17
1133,-540,0,Fall,27
1134,-540,0,Fall,19
1135,-550,0,Fall,8
1136,-396.438,750,Fall,26
1137,-236.374,750,Boss,27
1138,-550,0,Fall,36
1139,-244.715,1650,Boss,62
1140,-540,0,Fall,13
1141,-550,0,Fall,30
1142,-540,0,Fall,17
1143,-546.566,750,Fall,26
1144,-400,0,Boss,23
1145,-400,0,Boss,30
1146,-550,0,Fall,19
1147,-550,0,Fall,18
1148,-550,0,Fall,8
1149,-540,450,Fall,43
1150,-550,0,Fall,10
1151,-540,0,Fall,24
1152,-236.47,750,Boss,27
1153,-400,0,Boss,23
1154,-546.374,750,Fall,25
1155,-550,0,Fall,21
1156,-550,150,Fall,41
1157,-400,900,Fall,30
1158,-385.609,1200,Boss,46
1159,-550,0,Fall,16
1160,-386.279,1050,Boss,40
1161,-390,0,Boss,41
1162,-550,0,Fall,12
1163,-400,600,Boss,32
1164,-550,300,Fall,31
1165,-250,300,Boss,37
1166,-250,600,Boss,24
1167,-540,0,Fall,13
1168,-550,0,Fall,9
1169,-540,0,Fall,14
1170,-550,0,Fall,37
1171,-540,0,Fall,19
1172,-550,0,Fall,7
1173,-540,0,Fall,31
1097,-396.374,750,Boss,35
1098,-540,0,Fall,11
1099,-540,0,Fall,14
1100,-550,0,Fall,15
1101,-550,0,Fall,9
1102,-550,0,Fall,16
1103,-395.513,450,Boss,47
1104,-540,0,Fall,43
1105,-540,0,Fall,17
1106,-550,0,Fall,9
1107,-540,0,Fall,54
1108,-540,300,Fall,52
1109,-550,600,Fall,31
1110,-860.3,0,WIN,0
1111,-860.3,0,WIN,1
1112,-550,600,Fall,60
1113,-400,0,Boss,38
1114,-550,0,Fall,16
1115,-550,0,Fall,17
1116,-540,0,Fall,15
1117,-550,0,Fall,10
1118,-550,0,Fall,10
1119,-540,0,Fall,11
1120,-540,0,Fall,12
1121,-250,450,Boss,25
1122,-540,0,Fall,23
1123,-550,0,Fall,18
1124,-250,300,Boss,40
1125,-550,0,Fall,23
1126,-385.577,600,Fall,41
1127,-540,0,Fall,10
1128,-386.247,300,Boss,39
1129,-550,150,Fall,39
1130,-550,0,Fall,16
1131,-540,0,Fall,43
1132,-550,0,Fall,38
1133,-400,750,Fall,36
1134,-540,0,Fall,42
1135,-546.374,1200,Fall,29
1136,-540,0,Fall,58
1137,-550,0,Fall,7
1138,-550,0,Fall,27
1139,-550,0,Fall,11
1140,-550,0,Fall,11
1141,-390,0,Boss,43
1142,-400,150,Boss,32
1143,-540,0,Fall,11
1144,-540,0,Fall,24
1145,-550,0,Fall,10
1146,-250,150,Boss,23
1147,-540,0,Fall,20
1148,-536.406,1050,Fall,65
1149,-550,0,Fall,10
1150,-400,0,Boss,57
1151,-535.577,450,Fall,34
1152,-395.577,1200,Boss,29
1153,-390,0,Boss,46
1154,-400,150,Boss,35
1155,-420.3,0,WIN,2
1156,-385.353,0,Boss,3
1157,-385.353,0,Boss,0
1158,-860.3,0,WIN,0
1159,-860.3,0,WIN,1
1160,-390,0,Boss,51
1161,-540,0,Fall,13
1162,-540,0,Fall,39
1163,-550,0,Fall,10
1164,-550,0,Fall,14
1165,-550,0,Fall,25
1166,-540,150,Fall,39
1167,-246.821,600,Boss,35
1168,-550,0,Fall,24
1169,-550,0,Fall,9
1170,-540,0,Fall,10
1171,-550,0,Fall,8
1172,-550,0,Fall,10
1173,-550,0,Fall,34
1174,-550,0,Fall,23
1175,-550,0,Fall,19
1176,-540,0,Fall,2
1177,-550,0,Fall,10
1178,-400,450,Boss,37
1179,-540,0,Fall,10
1180,-550,450,Fall,47
1181,-550,0,Fall,27
1182,-362.087,0,Boss,0
1183,-362.534,0,Boss,1
1184,-362.151,0,Boss,0
1185,-512.055,0,Fall,1
1186,-361.928,0,Boss,0
1187,-360.938,0,Boss,1
1188,-511.098,0,Fall,0
1189,-511.991,0,Fall,1
1190,-362.374,0,Boss,0
1191,-511.672,0,Fall,1
1192,-360.811,0,Boss,0
1193,-470.3,0,WIN,0
1194,-860.3,0,WIN,0
1195,-860.3,0,WIN,1
1196,-540,0,Fall,1
1197,-540,0,Fall,0
1198,-710.3,0,WIN,0
1199,-860.3,0,WIN,1
1200,-540,0,Fall,18
1201,-540,0,Fall,28
1202,-540,0,Fall,16
1203,-540,0,Fall,30
1204,-540,0,Fall,25
1205,-540,0,Fall,19
1206,-400,300,Boss,29
1207,-545.736,1050,Fall,39
1208,-550,0,Fall,25
1209,-400,0,Boss,37
1210,-550,0,Fall,10
1211,-550,0,Fall,15
1212,-540,0,Fall,26
1213,-400,0,Boss,26
1214,-540,150,Fall,42
1215,-540,0,Fall,16
1216,-540,0,Fall,10
1217,-550,450,Fall,41
1218,-540,450,Fall,35
1219,-400,300,Boss,40
1220,-236.406,1200,Boss,26
1221,-710.3,1200,WIN,27
1222,-515.885,1200,Fall,27
1223,-515.694,0,Fall,0
1224,-515.502,0,Fall,1
1225,-515.534,0,Fall,0
1226,-515.598,0,Fall,1
1227,-374.736,0,Boss,2
1228,-860.3,0,WIN,0
1229,-860.3,0,WIN,1
1230,-390,0,Boss,0
1231,-860.3,0,WIN,0
1232,-860.3,0,WIN,1
1233,-550,300,Fall,7
1234,-860.3,0,WIN,0
1235,-860.3,0,WIN,1
1236,-540,0,Fall,16
1237,-550,0,Fall,8
1238,-550,0,Fall,7
1239,-385.417,1500,Boss,50
1240,-245.545,900,Boss,31
1241,-540,0,Fall,10
1242,-400,0,Boss,24
1243,-540,0,Fall,22
1244,-550,0,Fall,15
1245,-534.874,750,Fall,70
1246,-550,0,Fall,11
1247,-390,0,Boss,29
1248,-540,0,Fall,15
1249,-395.832,1050,Boss,39
1250,-235.64,900,Boss,40
1251,-550,0,Fall,17
1252,-400,600,Fall,37
1253,-390,300,Boss,44
1254,-390,0,Boss,42
1255,-550,0,Fall,8
1256,-400,300,Boss,42
1257,-550,0,Fall,10
1258,-550,0,Fall,18
1259,-550,0,Fall,9
1260,-540,0,Fall,26
1261,-396.502,1050,Boss,36
1262,-550,0,Fall,8
1263,-550,450,Fall,28
1264,-390,0,Boss,22
1265,-550,0,Fall,10
1266,-550,0,Fall,10
1267,-540,450,Fall,42
1268,-400,300,Boss,35
1269,-550,0,Fall,9
1270,-550,0,Fall,11
1271,-400,300,Boss,67
1272,-396.406,450,Boss,33
1273,-550,0,Fall,10
1274,-550,0,Fall,9
1275,-550,0,Fall,39
1276,-550,0,Fall,15
1277,-540,0,Fall,9
1278,-250,450,Boss,23
1279,-540,300,Fall,22
1280,-245.704,2550,Boss,36
1281,-550,0,Fall,8
1282,-540,0,Fall,30
1283,-550,0,Fall,26
1284,-540,0,Fall,12
1285,-540,0,Fall,28
1286,-535.545,1200,Fall,41
1287,-390,150,Fall,19
1288,-400,0,Boss,23
1289,-390,0,Boss,30
1290,-250,450,Boss,32
1291,-540,0,Fall,20
1292,-550,0,Fall,19
1293,-540,450,Fall,25
1294,-396.343,600,Boss,37
1295,-550,0,Fall,13
1296,-550,0,Fall,26
1297,-540,0,Fall,29
1298,-550,0,Fall,28
1299,-540,0,Fall,29
1300,-550,0,Fall,14
1301,-540,0,Fall,10
1302,-550,0,Fall,41
1303,-540,0,Fall,5
1304,-550,0,Fall,12
1306,-550,0,Fall,26
1307,-540,0,Fall,14
1308,-550,0,Fall,30
1309,-400,0,Boss,23
1310,-400,0,Boss,27
1311,-540,0,Fall,11
1312,-390,300,Boss,41
1313,-540,0,Fall,10
1314,-550,0,Fall,8
1315,-550,0,Fall,12
1316,-550,0,Fall,37
1317,-550,0,Fall,19
1318,-550,0,Fall,11
1319,-550,0,Fall,7
1320,-540,0,Fall,27
1321,-540,0,Fall,19
1322,-550,0,Fall,11
1323,-546.247,150,Fall,24
1324,-396.374,750,Boss,38
1325,-315.0,0,Fall,27
1326,-350.0,0,Fall,20
1327,-380.0,0,Fall,14
1328,-405.0,0,Fall,9
1329,-395.0,0,Fall,11
1330,-195.0,450,Fall,21
1331,-285.0,0,Fall,33
1332,-280.0,150,Fall,34
1333,-280.0,0,Fall,34
1334,-370.0,0,Fall,16
1335,-25.0,300,Boss,55
1336,-375.0,0,Fall,15
1337,-5.0,300,Boss,59
1338,-365.0,0,Fall,17
1339,-315.0,0,Fall,27
1340,-380.0,0,Fall,14
1341,-160.0,150,Fall,28
1342,-116.183,300,Boss,36
MAJOR, REWARD, SYSTEM, CHANGE, !
1,-375.0,0,Fall,15
2,-125.0,0,Boss,35
3,-330.0,0,Fall,24
4,-400.0,0,Fall,10
5,-25.0,150,Boss,25
6,-390.0,0,Fall,12
7,-395.0,0,Fall,11
8,-140.0,450,Boss,32
9,-360.0,0,Fall,18
10,-320.0,0,Fall,26
11,-150.0,0,Boss,30
12,-175.0,0,Boss,25
13,-165.0,0,Boss,27
14,-270.0,0,Fall,36
15,-90.0,0,Boss,42
16,-410.3,0,WIN,2
17,-405.3,0,WIN,3
18,44.7,0,WIN,3
19,-405.3,0,WIN,3
20,-375.0,0,Fall,15
21,-330.0,0,Fall,24
22,-385.0,0,Fall,13
23,-145.0,0,Boss,31
24,-140.0,0,Boss,32
25,-119.779,2250,Boss,35
26,-370.0,0,Fall,16
27,-375.0,0,Fall,15
28,-410.0,0,Fall,8
29,-330.0,0,Fall,24
30,-405.0,0,Fall,9
31,-410.0,0,Fall,8
32,-215.0,0,Boss,17
33,-405.0,0,Fall,9
34,-405.0,0,Fall,9
35,-360.0,0,Fall,18
36,-400.0,0,Fall,10
37,-310.0,150,Fall,28
38,-315.0,0,Fall,27
39,-365.0,0,Fall,17
40,-1.981,450,Fall,29
41,-405.0,0,Fall,9
42,-320.0,450,Fall,26
43,-370.0,0,Fall,16
44,-295.0,0,Fall,31
45,-210.0,900,Fall,48
46,-410.0,0,Fall,8
47,-400.0,0,Fall,10
48,-320.0,0,Fall,26
49,-20.0,450,Boss,56
50,-325.0,0,Fall,25
51,-255.0,450,Fall,39
52,-235.0,150,Boss,13
53,-345.0,0,Fall,21
54,-285.0,0,Fall,33
55,-370.0,0,Fall,16
56,-385.0,0,Fall,13
57,-350.0,0,Fall,20
58,-370.0,0,Fall,16
59,-405.0,0,Fall,9
60,-375.0,0,Fall,15
61,-90.0,0,Boss,42
62,-405.0,0,Fall,9
63,-330.0,0,Fall,24
64,-395.0,0,Fall,11
65,108.689,900,Fall,21
66,-410.0,0,Fall,8
67,-260.0,0,Fall,38
68,-375.0,0,Fall,15
69,-290.0,0,Fall,32
70,-345.0,0,Fall,21
71,0.0,0,Boss,60
72,-181.311,150,Boss,23
73,-355.0,0,Fall,19
74,-440.0,0,Fall,2
75,-410.0,0,Fall,8
76,-415.0,0,Fall,7
77,-345.0,0,Fall,21
78,-146.374,450,Boss,30
79,-380.0,0,Fall,14
80,-170.0,0,Boss,26
81,-340.0,0,Fall,22
82,-320.0,450,Fall,26
83,-400.0,0,Fall,10
84,-375.0,0,Fall,15
85,-390.0,0,Fall,12
86,-405.0,0,Fall,9
87,288.689,900,Boss,27
88,-385.0,0,Fall,13
89,-350.0,150,Fall,20
90,-405.0,0,Fall,9
91,-106.406,450,Boss,38
99,-350.0,0,Fall,20
100,35.317,900,Boss,66
101,-130.0,150,Boss,34
102,-310.0,0,Fall,28
103,-270.0,0,Fall,36
104,-410.0,0,Fall,8
105,-280.0,150,Fall,34
106,-335.0,0,Fall,23
107,-370.0,0,Fall,16
108,205.0,900,Fall,41
109,-395.0,0,Fall,11
110,-156.247,900,Boss,28
111,278.626,900,Boss,25
112,-405.0,0,Fall,9
113,-400.0,0,Fall,10
114,-130.0,150,Boss,34
115,-250.0,150,Fall,40
116,-405.0,0,Fall,9
117,-130.0,0,Boss,34
118,-340.0,0,Fall,22
119,-320.0,0,Fall,26
120,-390.0,0,Fall,12
121,-400.0,0,Fall,10
122,-270.0,0,Fall,36
123,-255.0,450,Fall,39
124,-360.0,0,Fall,18
125,-184.172,3150,Fall,52
NEW_MODEL
3,-380.0,0,Fall,14
4,-375.0,0,Fall,15
5,-155.0,450,Boss,29
6,-245.0,150,Fall,41
7,-275.0,150,Fall,35
8,-345.0,0,Fall,21
9,-185.0,0,Boss,23
10,-135.0,0,Boss,33
11,-95.0,0,Boss,41
12,-410.0,0,Fall,8
13,-110.0,450,Boss,38
14,-245.0,0,Fall,41
15,-265.0,0,Fall,37
16,-140.0,0,Boss,32
17,-315.0,0,Fall,27
18,-395.0,0,Fall,11
19,-265.0,0,Fall,37
20,-125.0,0,Boss,35
21,-146.406,900,Boss,30
22,-30.0,150,Boss,54
23,-130.0,0,Boss,34
24,-250.0,0,Fall,40
25,-400.0,0,Fall,10
26,-325.0,0,Fall,25
27,-180.0,0,Boss,24
28,-160.0,450,Fall,58
29,-380.0,0,Fall,14
30,-395.0,0,Fall,11
31,-410.0,0,Fall,8
32,-370.0,0,Fall,16
33,-380.0,0,Fall,14
34,-85.0,0,Boss,43
35,-340.0,0,Fall,22
36,-155.0,0,Boss,29
37,-305.0,0,Fall,29
38,-305.0,0,Fall,29
39,-115.0,450,Boss,37
40,-205.0,0,Fall,49
41,-115.0,450,Fall,67
42,-405.0,0,Fall,9
43,-190.0,0,Fall,52
44,-375.0,0,Fall,15
45,-95.0,0,Boss,41
46,-375.0,0,Fall,15
47,-130.0,0,Boss,34
48,-110.0,0,Boss,38
49,-310.0,450,Fall,28
50,-405.0,0,Fall,9
51,-170.0,0,Fall,56
52,-325.0,0,Fall,25
53,-185.0,0,Fall,53
54,-400.0,0,Fall,10
55,-165.0,0,Fall,57
56,-320.0,0,Fall,26
57,-370.0,0,Fall,16
58,-305.0,0,Fall,29
59,-370.0,0,Fall,16
60,-400.0,0,Fall,10
61,-130.0,0,Boss,34
62,-65.0,0,Boss,47
63,-161.247,450,Fall,57
64,-190.3,150,WIN,46
65,-185.3,150,WIN,47
66,-185.3,150,WIN,47
67,-225.0,0,Boss,15
68,-420.3,0,WIN,0
69,-415.3,0,WIN,1
70,-415.3,0,WIN,1
73,-260.0,0,Fall,38
74,-375.0,0,Fall,15

92,34.7,0,WIN,1
93,-330.0,0,Fall,24
94,-85.0,0,Boss,43
95,-115.0,0,Boss,37
96,-290.0,0,Fall,32
97,-85.0,450,Boss,43
98,-340.0,0,Fall,22
99,-85.0,0,Boss,43
100,-295.0,0,Fall,31
101,-196.374,150,Fall,50
102,-365.0,0,Fall,17
103,-271.311,150,Fall,35
104,-130.0,0,Fall,64
105,-220.0,150,Fall,46
106,-410.0,0,Fall,8
107,-60.0,150,Boss,48
108,-170.0,0,Fall,56
109,-180.0,0,Boss,24
110,-210.0,0,Boss,18
111,-395.0,0,Fall,11
112,-325.0,0,Fall,25
113,-145.0,0,Boss,31
114,-201.374,450,Fall,49
115,0.0,0,Boss,60
116,-95.0,0,Boss,41
117,-405.0,0,Fall,9
118,-385.0,0,Fall,13
119,-96.566,1500,Boss,40
120,-85.0,0,Boss,43
121,-410.0,0,Fall,8
122,-285.0,0,Fall,33
123,-295.0,0,Fall,31
124,-45.0,0,Boss,51
125,-385.0,0,Fall,13
126,-60.0,0,Boss,48
127,-260.0,0,Fall,38
128,5.0,0,Boss,61
129,-300.0,0,Fall,30
130,-385.0,0,Fall,13
131,-380.0,0,Fall,14
132,-315.0,0,Fall,27
133,-270.0,0,Fall,36
134,-310.0,0,Fall,28
135,-315.0,0,Fall,27
136,-325.0,0,Fall,25
137,-65.0,150,Boss,47
138,-395.0,0,Fall,11
139,-60.0,0,Boss,48
140,-355.0,0,Fall,19
141,-60.0,0,Boss,48
142,-315.0,0,Fall,27
143,-275.0,0,Fall,35
144,-290.0,0,Fall,32
145,-400.0,0,Fall,10
146,655.0,1500,Boss,71
147,-150.0,0,Boss,30
148,-325.0,0,Fall,25
149,-300.0,0,Fall,30
150,-315.0,0,Fall,27
151,-395.0,0,Fall,11
152,-400.0,0,Fall,10
153,-295.0,0,Fall,31
154,-210.0,0,Boss,18
155,-80.0,450,Fall,74
156,-210.0,150,Fall,48
157,-65.0,150,Fall,47
158,-170.0,0,Boss,26
159,-206.215,150,Fall,48
160,-140.0,0,Boss,32
161,-265.0,0,Fall,37
162,-400.0,0,Fall,10
163,-370.0,0,Fall,16
164,-340.0,0,Fall,22
165,-370.0,0,Fall,16
166,-405.0,0,Fall,9
167,-50.0,450,Boss,50
168,-255.0,450,Fall,39
169,-180.0,0,Fall,54
170,-410.0,0,Fall,8
171,-230.0,0,Fall,44
172,-120.0,0,Boss,36
173,-330.0,0,Fall,24
174,-80.0,0,Boss,44
175,-390.0,0,Fall,12
176,-375.0,0,Fall,15
177,-290.0,0,Fall,32
178,-60.0,0,Boss,48
179,-400.0,0,Fall,10
180,-45.0,0,Boss,51
181,-290.0,0,Fall,32
182,-255.0,0,Fall,39
183,-335.0,0,Fall,23
184,-390.0,0,Fall,12
185,-285.0,450,Fall,33
186,-360.0,0,Fall,18
187,25.0,0,Boss,65
188,-285.0,0,Fall,33
189,-325.0,0,Fall,25
190,-330.0,0,Fall,24
191,-200.0,150,Boss,50
192,145.0,450,Boss,59
193,-300.0,0,Fall,30
194,-200.0,0,Fall,50
195,-315.0,0,Fall,27
196,-235.0,450,Boss,43
197,-205.3,0,WIN,43
198,-325.0,0,Fall,25
199,-400.0,0,Fall,10
200,-320.0,0,Boss,26
201,-230.449,2250,Boss,43
202,-420.3,0,WIN,0
203,-410.0,0,Fall,8
204,-170.0,0,Fall,56
205,-295.0,0,Fall,31
206,-150.0,0,Boss,30
207,-245.0,0,Fall,41
208,-175.0,450,Boss,25
209,-125.0,0,Fall,65
210,-30.0,150,Boss,54
211,-130.0,0,Boss,34
212,-106.949,150,Boss,38
213,-140.0,450,Boss,32
214,-365.0,0,Fall,17
215,-375.0,0,Fall,15
216,-215.0,0,Fall,47
217,-100.704,1500,Boss,39
218,-335.0,0,Fall,23
219,-160.0,0,Boss,28
220,-365.0,0,Fall,17
221,-145.0,0,Boss,31
222,-81.789,450,Boss,43
223,-295.0,0,Fall,31
224,-30.0,0,Boss,54
225,-395.0,0,Fall,11
226,-265.0,0,Fall,37
227,-120.0,0,Fall,66
228,-395.0,0,Fall,11
229,-405.0,0,Fall,9
230,-295.0,150,Fall,31
231,-410.0,0,Fall,8
232,-405.0,0,Fall,9
233,-5.0,150,Boss,59
234,-170.0,0,Boss,26
235,-106.598,450,Boss,38
236,-15.0,0,Boss,57
237,-400.0,0,Fall,10
238,-255.0,150,Fall,39
239,-355.0,0,Fall,19
240,-75.0,0,Boss,45
241,78.53,0,Boss,75
242,-230.0,450,Fall,44
243,-145.0,0,Boss,31
244,-130.0,0,Boss,34
245,-70.0,0,Boss,46
246,-130.0,0,Boss,34
247,-150.0,0,Boss,30
248,5.0,150,Boss,61
249,5.0,450,Boss,61
250,-156.406,450,Boss,28
251,-250.0,0,Fall,40
252,-130.0,450,Boss,34
253,-250.0,0,Fall,40
254,-260.0,0,Fall,38
255,-295.0,0,Fall,31
256,-26.406,1500,Boss,54
257,-265.0,0,Fall,37
258,23.721,900,Boss,64
259,-305.0,0,Fall,29
260,-300.0,0,Fall,30
261,-345.0,0,Fall,21
262,-345.0,0,Fall,21
263,-405.0,0,Fall,9
264,-170.0,900,Boss,26
265,-70.0,0,Boss,46
266,-320.0,0,Fall,26
267,-300.0,0,Fall,30
268,45.0,0,Boss,69
269,-40.0,0,Boss,52
270,-190.0,0,Fall,52
271,-145.0,0,Boss,31
272,-280.0,0,Fall,34
273,195.0,150,Boss,69
274,-380.0,0,Fall,14
275,-260.0,0,Fall,38
276,43.626,450,Boss,68
277,5.0,450,Boss,61
278,-65.0,0,Boss,47
279,-235.0,0,Fall,43
280,0.0,0,Boss,60
281,-385.0,0,Fall,13
282,-90.0,0,Boss,42
283,45.0,450,Boss,69
284,-15.0,0,Boss,57
285,-225.0,450,Fall,45
286,-395.0,0,Fall,11
287,-255.0,150,Fall,39
288,80.0,0,Boss,76
289,-245.0,150,Fall,41
290,-160.0,0,Boss,28
291,-405.0,0,Fall,9
292,-385.0,0,Fall,13
293,-330.0,0,Fall,24
294,-260.0,900,Fall,38
295,-130.0,450,Fall,64
296,-125.0,0,Fall,65
297,-350.0,0,Fall,20
298,-385.0,0,Fall,13
299,-380.0,0,Fall,14
300,-325.0,0,Fall,25
301,-95.0,0,Boss,41
302,-400.0,0,Fall,10
303,145.0,450,Boss,89
304,45.0,0,Boss,69
305,-65.0,0,Boss,47
306,-340.0,0,Fall,22
307,-135.0,0,Boss,33
308,-395.0,0,Fall,11
309,-280.0,900,Fall,34
310,-385.0,0,Fall,13
311,-360.0,0,Fall,18
312,-190.0,0,Fall,52

315,-180.0,0,Fall,54
316,-385.0,0,Fall,13
317,-230.0,0,Fall,44
318,-310.0,0,Fall,28
319,-400.0,0,Fall,10
320,-25.0,0,Boss,55
321,-375.0,0,Fall,15
322,-245.0,0,Fall,41
323,105.0,0,Boss,81
324,95.0,150,Boss,49
325,-80.0,0,Boss,44
326,-290.0,0,Fall,32
327,-215.0,450,Fall,47
328,-130.0,450,Boss,34
329,-35.0,0,Boss,53
330,-155.0,0,Boss,29
331,-145.0,150,Boss,31
332,-140.0,0,Fall,62
333,-120.0,0,Boss,36
334,-310.0,0,Fall,28
335,-320.0,0,Fall,26
336,-365.0,0,Fall,17
337,-275.0,0,Fall,35
338,-140.0,150,Boss,32
339,-215.0,0,Fall,47
340,-75.0,900,Boss,45
341,-310.0,0,Fall,28
342,-280.0,0,Fall,34
343,-266.215,450,Fall,36
344,105.0,150,Boss,51
345,-325.0,450,Fall,25
346,-135.0,150,Boss,33
347,-20.0,150,Boss,56
348,-335.0,0,Fall,23
349,-395.0,0,Fall,11
350,-175.0,450,Boss,25
351,-95.0,150,Boss,41
352,-410.0,0,Fall,8
353,-106.406,900,Fall,68
354,-405.0,0,Fall,9
355,-335.0,0,Fall,23
356,-135.0,150,Fall,33
357,-290.0,0,Fall,32
358,-220.0,150,Fall,46
359,-335.0,0,Fall,23
360,-10.0,0,Boss,58
361,-315.0,0,Fall,27
362,-375.0,0,Fall,15
363,65.0,0,Boss,73
364,100.0,0,Boss,80
365,-225.0,900,Fall,45
366,-390.0,0,Fall,12
367,-390.3,0,WIN,6
368,-385.3,0,WIN,7
369,-360.0,0,Fall,18
370,-150.0,150,Boss,30
371,30.0,0,Boss,66
372,-405.0,0,Fall,9
373,-50.0,0,Boss,50
374,-215.0,0,Fall,47
375,-385.0,0,Fall,13
376,-180.0,450,Fall,54
377,13.306,450,Boss,62
378,335.0,150,Boss,97
379,-100.0,0,Boss,40
380,-325.0,0,Fall,25
381,-275.0,0,Fall,35
382,-285.0,450,Fall,33
383,-400.0,0,Fall,10
384,-285.0,0,Fall,33
385,-335.0,0,Fall,23
386,-116.406,1500,Fall,66
387,-176.247,1500,Fall,54
388,-370.0,0,Fall,16
389,-395.0,0,Fall,11
390,-325.0,150,Fall,25
391,-225.0,0,Fall,45
392,-205.0,150,Fall,49
393,145.0,900,Fall,29
394,-365.0,0,Fall,17
395,-295.0,0,Fall,31
396,-140.0,450,Boss,32
397,14.615,900,Boss,62
398,-390.0,0,Fall,12
399,-105.0,450,Boss,39
400,-225.0,0,Fall,45
401,5.0,0,Boss,61
402,-90.0,0,Boss,42
403,-275.0,900,Fall,35
404,-230.0,150,Fall,44
405,-160.0,0,Fall,58
406,-80.0,150,Boss,44
407,-155.0,0,Boss,29
408,-75.0,0,Boss,45
409,-230.0,450,Fall,44
410,-230.0,0,Fall,44
411,-61.183,900,Boss,47
412,-345.0,0,Fall,21
413,-70.0,0,Boss,46
414,-180.0,0,Boss,24
415,-255.0,150,Fall,39
416,-300.0,0,Fall,30
417,-155.0,0,Fall,59
418,-200.0,0,Fall,50
419,-365.0,0,Fall,17
420,-16.332,2250,Fall,85
421,-385.0,0,Fall,13
422,-61.374,450,Boss,47
423,-400.0,0,Fall,10
424,-280.0,0,Fall,34
425,-95.0,0,Boss,41
426,-405.0,0,Fall,9
427,-215.0,0,Fall,47
428,-120.0,0,Fall,66
429,-320.0,0,Fall,26
430,-270.0,150,Fall,36
431,-135.0,0,Boss,33
432,-75.0,0,Boss,45
433,-120.0,0,Fall,66
434,-10.0,0,Boss,58
435,-40.0,0,Boss,52
436,-200.0,0,Fall,50
437,-51.374,1500,Boss,49
438,-180.0,0,Boss,24
439,-150.0,150,Fall,60
440,-95.0,0,Boss,41
441,-400.0,0,Fall,10
442,-360.0,0,Fall,18
443,-105.0,0,Boss,39
444,-105.0,0,Boss,39
445,-205.0,900,Fall,49
446,-360.0,0,Fall,18
447,25.0,150,Boss,65
448,-150.0,0,Fall,60
449,-285.0,0,Fall,33
450,-210.0,0,Fall,48
451,-230.0,0,Fall,44
452,-335.0,0,Fall,23
453,-70.0,0,Boss,46
454,-180.0,0,Fall,54
455,-300.0,0,Fall,30
456,-190.0,150,Fall,52
457,-85.0,0,Boss,43
458,-345.0,0,Fall,21
459,-65.0,0,Boss,47
460,-85.0,450,Boss,43
461,-315.0,450,Fall,27
462,-201.374,900,Fall,49
463,-160.0,0,Fall,58
464,-95.0,150,Boss,41
465,-320.0,0,Fall,26
466,-285.0,0,Fall,33
467,-80.0,0,Boss,44
468,-380.0,0,Fall,14
469,-330.0,0,Fall,24
470,-345.0,0,Fall,21
471,-335.0,0,Fall,23
472,-113.694,450,Boss,36
473,-305.0,0,Fall,29
474,-290.0,0,Fall,32
475,-240.0,0,Fall,42
476,-235.0,0,Fall,43
477,-315.0,0,Fall,27
478,-340.0,0,Fall,22
New model 
1,-110.0,450,Boss,38
2,-100.0,0,Boss,40
3,-180.0,0,Boss,24
4,-315.0,0,Fall,27
5,-325.0,0,Fall,25
6,-275.0,0,Fall,35
7,-75.0,0,Boss,45
8,-35.0,0,Boss,53
9,-390.0,0,Fall,12
10,-350.0,0,Fall,20
11,-150.0,0,Fall,60
12,-365.0,0,Fall,17
13,-171.853,150,Boss,25
14,-380.0,0,Fall,14
15,-141.374,450,Boss,31
16,-390.0,0,Fall,12
17,-405.0,0,Fall,9
18,-380.3,0,WIN,8
NEW_MODEL
1,-421.321,0,Fall,0
1,-426.683,0,Fall,0
1,-421.385,0,Fall,0
1,-420.3,0,WIN,0
2,-420.3,0,WIN,0
1,-115.0,0,Boss,37
2,-335.0,0,Fall,23
3,-265.0,0,Fall,37
4,-270.0,150,Fall,36
5,-375.0,0,Fall,15
6,-120.0,0,Boss,36
7,-350.0,0,Fall,20
8,-315.0,0,Fall,27
9,-50.0,0,Boss,50
10,-250.0,0,Fall,40
11,-95.0,0,Boss,41
12,-30.0,150,Boss,54
13,-95.0,150,Boss,41
14,-410.0,0,Fall,8
15,-295.0,0,Fall,31
16,-415.3,0,WIN,1
17,-370.0,0,Fall,16
18,-285.0,0,Fall,33
19,-220.0,0,Fall,46
20,-365.0,0,Fall,17
21,-340.0,0,Fall,22
22,-10.0,150,Boss,58
23,-360.0,0,Fall,18
24,-205.0,0,Fall,49
25,-160.0,0,Boss,28
26,-155.0,0,Boss,29
27,-170.0,1500,Fall,56
28,-365.0,0,Fall,17
29,-289.077,3150,Fall,31
30,-100.0,150,Boss,40
31,-370.0,0,Fall,16
32,-320.3,150,WIN,20
33,-55.0,0,Boss,49
34,-161.406,900,Boss,27
35,498.338,1500,Boss,39
36,-395.0,0,Fall,11
37,-120.0,900,Boss,36
38,-200.0,150,Fall,50
39,-170.0,0,Fall,56
40,-30.0,150,Boss,54
41,-110.0,0,Fall,68
42,-340.0,0,Fall,22
43,-180.0,450,Boss,24
44,-165.736,2250,Fall,56
45,-415.0,0,Fall,7
46,-325.0,0,Fall,25
47,-215.0,0,Boss,17
48,-225.0,0,Boss,15
49,15.0,150,Boss,33
50,-345.0,0,Fall,21
51,-275.0,0,Fall,35
52,-220.0,0,Fall,46
53,-130.0,0,Boss,34
54,-120.0,0,Boss,36
55,-165.0,0,Boss,27
56,-270.0,0,Fall,36
57,-240.0,0,Fall,42
58,-340.0,0,Fall,22
59,-90.0,450,Boss,42
60,5.0,150,Boss,31
61,-335.0,0,Fall,23
62,-405.0,0,Fall,9
63,-300.0,0,Boss,0
64,-175.0,150,Fall,55
65,-315.0,0,Fall,27
66,-270.0,0,Fall,36
67,-300.0,0,Fall,30
68,95.0,0,Boss,79
69,-115.0,0,Boss,37
70,-305.0,0,Fall,29
71,-295.0,0,Fall,31
72,-360.0,0,Fall,18
73,-330.0,0,Fall,24
74,-370.0,0,Fall,16
75,-120.0,0,Boss,36
76,-295.0,0,Fall,31
77,-400.0,0,Fall,10
78,-80.3,150,WIN,38
79,20.0,0,Boss,64
1,-15.0,0,Boss,57
2,-231.247,450,Fall,43
3,-95.0,0,Boss,41
4,-65.0,0,Boss,47
5,-145.0,0,Boss,31
6,-330.0,0,Fall,24
7,-265.0,150,Fall,37
8,-341.374,150,Fall,21
9,-330.0,150,Fall,24
10,-210.0,0,Fall,48
11,-330.0,0,Fall,24
12,-295.0,0,Fall,31
13,-210.0,0,Fall,48
14,-180.449,150,Boss,23
15,-200.0,450,Fall,50
16,-185.0,0,Fall,53
17,-80.0,0,Fall,74
18,-250.0,0,Fall,40
19,-115.0,0,Fall,67
20,-100.0,0,Boss,40
21,-235.0,0,Fall,43
22,-115.0,0,Boss,37
23,-320.0,0,Fall,26
24,-205.0,0,Fall,49
25,-350.0,0,Fall,20
26,-295.0,0,Boss,1
27,-185.0,0,Fall,53
28,-330.0,0,Fall,24
29,-130.0,0,Boss,34
30,-205.0,0,Fall,49
31,-150.0,0,Fall,60
32,-135.0,0,Fall,63
33,-330.0,0,Fall,24
34,-350.0,0,Fall,20
35,-335.0,0,Fall,23
36,-10.0,0,Boss,58
37,-220.0,0,Fall,46
38,-190.3,0,WIN,46
39,-135.0,0,Fall,63
40,-315.0,0,Fall,27
41,-100.0,0,Boss,40
42,-260.0,0,Fall,38
43,-175.0,0,Fall,55
44,-250.0,0,Fall,40
45,-330.0,0,Fall,24
46,-180.0,0,Fall,54
47,-120.0,0,Fall,66
48,-70.0,0,Boss,46
49,-30.683,0,Boss,48
50,-175.3,0,WIN,49
51,-25.3,0,WIN,49
52,-175.3,0,WIN,49
53,35.0,0,Boss,67
54,-50.0,0,Fall,80
55,-55.0,0,Boss,49
56,40.0,0,Boss,68
57,30.0,0,Boss,66
58,50.0,0,Boss,70
59,-95.0,0,Boss,41
60,-105.3,0,WIN,63
61,-175.0,0,Fall,55
62,-210.0,0,Fall,48
63,80.0,0,Boss,76
64,-90.0,0,Boss,42
65,-25.0,0,Fall,85
66,-120.0,0,Fall,66
67,-215.0,0,Fall,47
68,4.7,0,WIN,85
69,-5.0,0,Fall,89
70,-90.0,0,Fall,72
71,-200.0,0,Fall,50
72,-25.0,0,Fall,85
73,-95.0,0,Fall,71
74,-255.0,0,Fall,39
75,-80.0,0,Boss,44
76,-6.14,0,Boss,54
77,0.0,0,Boss,60
78,-180.0,0,Fall,54
79,30.0,0,Boss,66
80,-85.0,0,Boss,43
81,35.0,0,Boss,67
82,-255.0,0,Fall,39
83,0.0,0,Boss,60
84,0.0,0,Fall,90
85,-175.0,0,Fall,55
This works well for learning stuff, but it learnt only that it is good to go back and evade the Boss
2,-438.0,0,Fall,12
3,-443.0,0,Fall,7
4,-271.0,0,Boss,29
5,-435.0,0,Fall,15
6,-420.0,0,Fall,30
7,-251.0,150,Boss,49
8,-411.0,0,Fall,39
9,-237.0,450,Boss,63
10,-273.0,150,Boss,27
11,-404.0,0,Fall,46
12,-422.0,0,Fall,28
13,-270.0,0,Boss,30
14,-253.672,1500,Boss,42
15,-422.0,0,Fall,28
16,-280.0,0,Boss,20
17,-272.0,450,Boss,28
18,-394.0,0,Fall,56
19,-439.0,0,Fall,11
20,-435.0,0,Fall,15
21,-430.0,0,Fall,20
22,-437.0,0,Fall,13
23,-254.247,150,Boss,42
24,-378.215,900,Fall,68
25,-433.0,0,Fall,17
26,-436.0,0,Fall,14
27,-423.0,0,Fall,27
28,-440.0,0,Fall,10
29,-276.0,0,Boss,24
30,-440.0,0,Fall,10
31,-428.0,0,Fall,22
32,-442.0,0,Fall,8
33,-432.0,0,Fall,18
34,-415.0,0,Fall,35
35,-426.0,0,Fall,24
36,-438.0,0,Fall,12
37,-428.481,0,Fall,17
38,-427.0,0,Fall,23
39,-417.0,0,Fall,33
40,-246.0,0,Boss,54
41,-431.0,0,Fall,19
42,-255.0,900,Boss,45
43,-419.0,0,Fall,31
44,-274.0,0,Boss,26
45,-253.0,150,Fall,47
46,-424.0,0,Fall,26
47,-269.417,450,Boss,26
48,-409.0,150,Fall,41
49,-397.0,0,Fall,53
50,-437.0,0,Fall,13
51,-209.3,0,WIN,61
52,-413.0,450,Fall,37
53,-276.0,0,Boss,24
54,-420.0,150,Fall,30
55,-405.374,900,Fall,41
56,-440.0,0,Fall,10
57,-415.0,0,Fall,35
58,-248.0,0,Boss,52
59,-271.0,0,Boss,29
60,-234.0,0,Boss,66
61,-240.0,0,Boss,60
62,-429.0,0,Fall,21
63,61.0,450,Boss,61
64,27.0,450,Boss,27
65,-445.0,0,Fall,5
66,-442.0,0,Fall,8
67,-250.0,0,Boss,50
68,-422.0,0,Fall,28
69,-266.0,0,Boss,34
70,-252.0,450,Boss,48
71,-442.0,0,Fall,8
72,-267.247,450,Boss,29
73,-409.502,450,Fall,37
74,-264.0,450,Boss,36
75,-215.672,1500,Boss,80
76,-272.0,0,Boss,28
77,-265.0,0,Boss,35
78,-411.0,0,Fall,39
79,-270.311,150,Boss,26
80,-409.3,0,WIN,11
81,-421.0,450,Fall,29
82,-437.0,0,Fall,13
83,-425.0,0,Fall,25
84,-243.0,0,Boss,57
85,346.753,1500,Boss,43
86,-374.0,0,Fall,76
87,-242.768,450,Boss,53
88,-270.0,150,Boss,30
89,-424.0,450,Fall,26
90,-394.0,0,Fall,56
91,-380.534,900,Fall,66
92,-424.0,0,Fall,26
93,-406.0,450,Fall,44
94,-384.0,150,Fall,66
95,-426.0,0,Fall,24
96,-269.0,150,Boss,31
97,-413.0,450,Fall,37
98,-255.0,0,Boss,45
99,-398.0,0,Fall,52
100,-400.0,150,Fall,50
101,-257.0,0,Boss,43
102,-415.0,0,Fall,35
103,-416.374,450,Fall,30
104,-377.3,0,WIN,43
105,-436.0,0,Fall,14
106,-408.343,150,Fall,38
107,-415.0,0,Fall,35
108,-401.0,0,Fall,49
109,-407.0,0,Fall,43
110,-258.0,0,Boss,42
111,-421.0,900,Fall,29
112,-276.0,0,Boss,24
113,33.0,450,Boss,33
114,-383.0,150,Fall,67
115,-378.0,0,Fall,72
116,-440.0,0,Fall,10
117,-418.0,0,Fall,32
118,-290.0,0,Boss,10
119,-407.0,0,Fall,43
120,-434.0,0,Fall,16
121,-433.0,0,Fall,17
122,-433.0,0,Fall,17
123,-441.0,0,Fall,9
124,-263.0,0,Boss,37
125,-402.0,450,Fall,48
126,-261.0,0,Boss,39
127,-418.0,150,Fall,32
128,-121.0,150,Boss,29
129,-423.0,900,Fall,27
130,-438.0,0,Fall,12
131,-243.0,0,Boss,57
132,-394.0,0,Fall,56
133,-264.0,0,Boss,36
134,-399.3,0,WIN,21
135,25.0,900,Fall,25
136,-436.0,0,Fall,14
137,-418.0,0,Fall,32
138,-427.0,0,Fall,23
139,-411.0,150,Fall,39
140,-441.0,0,Fall,9
141,-419.0,0,Fall,31
142,-281.0,0,Boss,19
143,-414.0,0,Fall,36
144,-228.0,150,Boss,72
145,-270.0,0,Boss,30
146,-420.0,0,Fall,30
147,-242.0,450,Boss,58
148,-253.0,0,Boss,47
149,-432.0,0,Fall,18
150,-441.0,0,Fall,9
151,-297.0,0,Boss,3
152,-400.0,450,Fall,50
153,-440.0,0,Fall,10
154,-437.0,0,Fall,13
155,-418.0,0,Fall,32
156,-399.0,150,Fall,51
157,-409.0,150,Fall,41
158,-255.0,150,Boss,45
159,-403.0,150,Fall,47
160,-408.0,0,Fall,42
161,-409.0,450,Fall,41
162,-259.0,0,Boss,41
163,-253.0,0,Boss,47
164,-416.247,150,Fall,30
165,-262.3,0,WIN,8
166,-274.0,0,Boss,26
167,-438.0,0,Fall,12
168,-256.0,450,Boss,44
169,-275.0,0,Boss,25
170,-260.0,150,Boss,40
171,-420.0,0,Fall,30
172,-271.0,0,Boss,29
173,-412.0,0,Fall,38
174,-400.0,150,Fall,50
175,-426.0,0,Fall,24
176,-436.0,0,Fall,14
177,-420.0,150,Fall,30
178,-440.0,0,Fall,10
179,-271.0,0,Boss,29
180,-425.0,0,Fall,25
181,-262.247,450,Boss,34
182,-385.3,0,WIN,35
183,-260.0,0,Boss,40
184,-431.0,0,Fall,19
185,-409.0,0,Fall,41
186,-412.0,0,Fall,38
187,-405.0,0,Fall,45
188,-235.577,900,Boss,60
189,-401.0,150,Fall,49
190,-248.0,0,Boss,52
191,-418.0,450,Fall,32
192,-394.0,0,Fall,56
193,-259.0,0,Boss,41
194,-422.0,0,Fall,28
195,-276.0,450,Boss,24
196,-434.0,0,Fall,16
197,-416.0,0,Fall,34
198,-243.0,450,Boss,57
199,-266.0,150,Boss,34
200,-428.0,0,Fall,22
201,-403.619,900,Fall,41
202,-257.0,450,Boss,43
203,-263.0,0,Boss,37
204,-271.0,0,Boss,29
205,-260.0,450,Boss,40
206,-433.0,0,Fall,17
207,-440.0,0,Fall,10
208,-431.0,0,Fall,19
209,-87.0,450,Fall,63
210,-273.0,0,Boss,27
211,-418.0,150,Fall,32
212,-258.0,450,Boss,42
213,-261.0,150,Boss,39
214,-411.417,2250,Fall,34
215,-426.0,0,Fall,24
216,-191.438,900,Boss,105
217,-394.343,450,Fall,52
218,-413.0,0,Fall,37
219,-387.864,3150,Fall,58
220,-278.0,0,Boss,22
221,-382.3,150,WIN,38
222,-382.0,0,Fall,68
223,-240.0,150,Boss,60
224,-259.0,150,Boss,41
225,-412.0,0,Fall,38
226,-410.0,450,Fall,40
227,-266.0,0,Boss,34
228,-387.0,0,Fall,63
229,-426.0,0,Fall,24
230,-403.0,0,Fall,47
231,-249.0,150,Boss,51
232,-235.3,0,WIN,35
233,-416.0,0,Fall,34
234,-406.0,0,Fall,44
235,-397.279,1500,Fall,49
236,-413.0,0,Fall,37
237,-408.609,2250,Fall,37
238,-419.0,0,Fall,31
239,-267.406,450,Boss,29
240,-119.981,450,Fall,27
241,-407.215,450,Fall,39
242,-394.0,450,Fall,56
243,-259.0,0,Boss,41
244,-439.0,0,Fall,11
245,-389.0,0,Fall,61
246,-299.0,0,Boss,32
247,-449.001,0,Fall,28
248,-299.001,0,Boss,23
249,-449.001,0,Fall,19
250,-149.002,150,Boss,45
251,-299.002,150,Fall,41
252,-445.377,150,Fall,46
253,-293.718,900,Boss,64
254,-449.003,0,Fall,16
255,-449.004,0,Fall,34
256,-299.004,0,Boss,57
257,-299.005,150,Boss,49
258,-419.305,0,WIN,46
259,-299.006,450,Boss,50
260,-299.006,0,Boss,31
261,-299.006,0,Boss,41
262,-299.007,450,Boss,47
263,-449.007,0,Fall,44
264,-449.008,0,Fall,33
265,-449.008,0,Fall,16
266,-299.009,0,Boss,69
267,-299.009,0,Boss,48
268,-299.009,0,Boss,37
269,-449.01,0,Fall,15
270,-449.01,450,Fall,41
271,-273.012,0,Boss,27
272,-299.011,0,Boss,69
273,-449.011,900,Fall,32
274,-449.011,0,Fall,14
275,-299.012,150,Boss,49
276,-299.012,150,Boss,35
277,-449.013,450,Fall,38
278,-449.013,0,Fall,40
279,-299.013,0,Boss,36
280,154.612,900,Boss,25
281,-299.015,0,Boss,123
282,-299.015,0,Boss,36
283,-449.015,0,Fall,13
284,-449.016,0,Fall,21
285,-299.016,150,Boss,46
286,-449.017,1500,Fall,73
287,-449.017,0,Fall,58
288,-299.018,0,Boss,44
289,-449.018,0,Fall,44
290,-299.019,0,Boss,47
291,-449.019,150,Fall,48
292,-299.02,0,Boss,50
293,-299.02,450,Boss,36
294,-419.32,0,WIN,24
295,-449.021,0,Fall,11
296,-449.021,0,Fall,42
297,-449.022,0,Fall,70
298,-295.237,150,Boss,67
299,-449.023,0,Fall,45
300,-299.023,0,Boss,46
301,-449.023,0,Fall,0
302,-419.323,0,WIN,0
303,-419.323,0,WIN,1
304,-449.023,0,Fall,1
305,-299.023,0,Boss,0
306,-419.323,0,WIN,0
307,-419.323,0,WIN,1
308,-449.023,0,Fall,1
309,-299.023,0,Boss,0
310,-419.323,0,WIN,0
311,-419.323,0,WIN,1
312,-299.023,0,Boss,39
313,-449.024,450,Fall,34
314,-295.367,150,Boss,66
315,-295.272,450,Boss,38
316,-299.025,0,Boss,56
317,-419.74,0,Fall,27
318,-299.026,0,Boss,44
319,-445.497,900,Fall,77
320,-445.274,900,Fall,34
321,-299.028,150,Boss,68
322,-449.029,0,Fall,92
323,-299.029,900,Boss,41
324,-299.03,150,Boss,42
325,-449.03,0,Fall,15
326,-435.863,0,Fall,90
327,-299.031,0,Boss,38
328,-449.031,0,Fall,36
329,-299.032,900,Boss,46
330,-299.033,0,Boss,65
331,-449.033,0,Fall,43
332,-299.034,150,Boss,49
333,-449.034,0,Fall,10
334,-449.034,0,Fall,29
335,-299.035,0,Boss,64
336,-299.035,150,Fall,41
337,-443.782,900,Fall,42
338,-269.368,450,Boss,37
339,-449.036,0,Fall,52
340,-449.037,0,Fall,52
341,-449.037,0,Fall,53
342,-449.038,0,Fall,54
343,-294.487,1500,Boss,27
344,-299.039,0,Boss,51
345,-299.039,0,Boss,32
346,-449.04,450,Fall,40
347,-299.04,0,Boss,65
348,-449.04,150,Fall,11
349,-449.041,0,Fall,61
350,-439.511,150,Fall,13
351,-449.041,0,Fall,39
352,-299.042,0,Boss,48
353,-295.385,2250,Boss,42
354,-299.043,0,Boss,31
355,-299.043,0,Boss,74
356,-444.461,2250,Fall,49
357,-449.044,0,Fall,25
358,-449.045,150,Fall,54
359,-449.045,0,Fall,23
360,-449.046,0,Fall,62
361,-449.046,0,Fall,31
362,-299.046,0,Boss,11
363,-444.687,450,Fall,31
364,-295.357,900,Boss,32
365,-449.047,0,Fall,34
366,-299.047,0,Boss,37
367,-443.795,3150,Fall,67
368,-449.049,0,Fall,47
369,0.951,450,Boss,31
370,-299.049,0,Boss,45
371,-449.05,0,Fall,45
372,-449.05,0,Fall,24
373,-449.05,0,Fall,36
374,-449.051,0,Fall,35
375,-299.051,0,Boss,53
376,-295.299,900,Boss,60
377,-449.053,0,Fall,73
378,154.094,1500,Fall,53
379,-293.226,1500,Boss,66
380,-444.567,900,Fall,34
381,-299.055,0,Boss,42
382,-449.055,0,Fall,33
383,-449.055,450,Fall,26
384,-299.056,900,Boss,47
385,-419.644,450,Fall,50
386,-295.527,150,Boss,41
387,-445.304,900,Fall,45
388,-449.058,0,Fall,42
389,-299.058,0,Boss,61
390,-299.059,0,Boss,35
391,305.364,2250,Fall,77
392,304.757,1500,Boss,49
393,-292.499,4200,Boss,35
394,-449.061,150,Fall,59
395,30.639,150,WIN,60
396,-449.061,450,Fall,58
397,-295.468,1500,Boss,26
398,-299.062,150,Boss,44
399,-444.543,900,Fall,28
400,-299.063,0,Boss,35
401,-294.831,150,Boss,30
402,-444.449,1500,Fall,49
403,-295.439,1500,Boss,42
404,-299.065,0,Boss,44
405,-299.065,0,Boss,44
406,-449.065,450,Fall,43
407,306.283,2250,Fall,37
408,155.517,900,Boss,29
409,-299.067,0,Boss,61
410,155.58,900,Boss,33
411,-449.068,0,Fall,56
412,-442.283,0,Fall,57

413,-295.215,450,Boss,46
414,-445.918,1500,Fall,50
415,-299.001,0,Boss,32
416,-149.002,150,Boss,43
417,-295.536,150,Boss,30
418,-149.002,450,Fall,41
419,-299.003,150,Boss,84
420,-299.004,0,Boss,27
421,-449.004,0,Fall,25
422,-299.004,0,Boss,58
423,-299.005,150,Boss,44
424,-299.005,0,Boss,21
425,-295.252,150,Boss,30
426,-449.006,0,Fall,41
427,-449.007,0,Fall,67
428,-445.19,450,Fall,58
429,-299.008,150,Boss,80
430,-449.008,150,Fall,25
431,-299.009,0,Boss,30
432,-299.009,450,Boss,39
433,-295.256,450,Boss,32
434,-442.831,3150,Fall,42
435,455.19,2250,Boss,33
436,-269.31,0,WIN,23
437,-295.991,1500,Boss,34
438,-299.011,0,Boss,38
439,-299.011,0,Boss,27
440,4.678,450,Boss,47
441,-449.012,150,Fall,52
442,-445.355,900,Fall,51
443,-299.013,0,Boss,33
444,4.74,450,Boss,25
445,-445.356,150,Fall,26
446,-445.325,450,Fall,22
447,-449.014,0,Fall,37
448,1058.536,8250,Fall,39
449,154.036,900,Boss,33
450,-449.015,0,Fall,23
451,-427.868,0,Fall,24
452,-427.868,0,Fall,0
453,-419.315,0,WIN,0
454,-419.315,0,WIN,1
455,-299.0,0,Boss,36
456,-299.001,150,Boss,29
457,4.688,900,Fall,33
458,-299.001,150,Boss,33
459,-299.002,0,Boss,44
460,-293.653,900,Boss,34
461,-294.834,450,Boss,39
462,0.997,900,Fall,27
463,-449.003,150,Fall,59
464,-293.815,2250,Boss,48
465,-299.004,0,Boss,28
466,-149.004,450,Fall,27
467,-295.826,900,Boss,44
468,-299.005,0,Boss,48
469,-292.859,4200,Boss,67
470,-449.007,150,Fall,50
471,-449.007,0,Fall,46
472,-149.007,150,Boss,31
473,304.522,1500,Boss,27
474,-443.691,2250,Fall,26
475,0.992,450,Boss,39
476,-299.009,0,Boss,38
477,-449.009,0,Fall,55
478,-449.01,450,Fall,28
479,-443.565,2250,Fall,37
480,-449.01,0,Fall,26
481,4.934,450,Boss,25
482,154.806,900,Boss,39
483,305.604,1500,Boss,25
484,-292.769,2250,Boss,52
485,-445.259,900,Fall,52
486,-299.013,150,Boss,39
487,-449.013,0,Fall,32
488,-292.005,900,Boss,35
489,-294.558,450,Boss,24
490,-145.197,450,Fall,43
491,-149.014,150,Boss,39
492,-299.015,150,Boss,40
493,-293.602,150,Boss,42
494,-419.315,0,WIN,11
495,-295.677,900,Boss,28
496,-449.016,150,Fall,50
497,-149.016,150,Boss,25
498,-295.391,0,Boss,32
499,-299.017,1500,Boss,52
500,4.64,450,Boss,27
501,-437.874,0,Fall,0
502,-419.3,0,WIN,1
503,-149.0,450,Fall,25
504,-293.652,900,Boss,37
505,-299.001,0,Boss,46
506,-299.001,150,Boss,28
507,-449.002,150,Fall,26
508,-445.345,450,Fall,38
509,-295.345,900,Boss,79
510,-299.003,150,Boss,42
511,-295.251,150,Boss,50
512,4.781,900,Fall,23
513,-299.005,0,Boss,45
514,-449.005,150,Fall,31
515,-449.005,0,Fall,29
516,-441.04,2250,Fall,40
517,-295.253,900,Boss,26
518,-299.006,0,Boss,48
519,155.576,1500,Fall,27
520,-449.007,0,Fall,59
521,-449.008,0,Fall,48
522,155.511,900,Boss,25
523,-449.008,0,Fall,47
524,-442.862,5400,Fall,40
525,-449.009,0,Fall,38
526,-299.01,450,Boss,29
527,-299.01,0,Boss,45
528,-269.31,900,WIN,27
529,-443.694,1500,Fall,35
530,-445.162,900,Fall,35
531,-449.011,0,Fall,48
532,-449.012,450,Fall,30
533,-299.012,150,Boss,34
534,-444.461,1500,Fall,29
535,-449.013,450,Fall,55
536,-149.013,150,Boss,27
537,-442.707,1500,Fall,46
538,-449.014,150,Fall,49
539,-299.015,0,Boss,38
540,5.6,900,Fall,59
541,-299.016,0,Boss,55
542,-299.016,0,Boss,40
543,-443.732,1500,Fall,46
544,-299.017,450,Boss,43
545,-449.017,0,Fall,36
546,-299.018,150,Boss,40
547,-299.018,0,Boss,46
548,-299.019,0,Boss,46
549,-449.019,150,Fall,54
550,-294.469,150,Boss,27
551,-249.0,900,Fall,39
552,-149.001,1500,Boss,28
553,-99.001,450,Boss,39
554,-149.002,0,Boss,60
551,-149.0,0,Boss,24
552,-149.001,0,Boss,49
551,-149.0,900,Boss,35

551,-149.0,450,Boss,33
552,-149.001,450,Boss,41
553,-249.001,150,Fall,27
551,-149.0,150,Boss,44
551,-149.0,150,Boss,33
551,-149.001,150,Boss,62
551,-249.0,450,Fall,44
552,-149.001,4200,Boss,72
553,-249.001,450,Fall,32
551,-149.001,450,Boss,53
552,-149.001,450,Boss,43
553,-249.001,450,Fall,31
554,-99.002,0,Boss,52
555,-149.002,150,Boss,39
556,-149.003,0,Boss,59
557,-249.003,0,Fall,25
558,-249.004,0,Fall,44
559,-149.004,0,Boss,30
560,-149.004,450,Boss,42
561,-149.005,150,Boss,47
562,-99.005,150,Boss,36
563,-149.005,0,Boss,34
564,-149.006,450,Boss,29
565,-149.006,0,Boss,0
566,-149.006,0,Boss,33
567,-149.006,0,Boss,29
568,-149.007,0,Boss,29
569,-249.007,0,Fall,32
570,-249.007,0,Fall,28
571,-149.008,0,Boss,48
572,-249.008,0,Fall,41
573,-149.009,0,Boss,25
574,-99.009,0,Boss,26
575,-149.009,0,Boss,32
576,-149.009,0,Boss,29
577,-99.01,450,Boss,28
578,-149.01,0,Boss,27
579,-99.01,0,Boss,25
580,-149.011,450,Boss,34
581,-149.011,450,Boss,32
582,-149.0,450,Boss,41
582,-149.0,0,Boss,32
583,-149.001,0,Boss,45
584,-249.001,0,Fall,34
585,-249.002,0,Fall,52
586,-149.002,0,Boss,30
587,-249.002,150,Fall,38
588,-149.003,0,Boss,37
589,-149.003,0,Boss,45
590,-149.004,0,Boss,39
591,-249.004,0,WIN,2
582,-249.0,1500,Fall,31
583,-249.001,0,Fall,57
584,-249.001,900,Fall,49
585,-149.002,0,Boss,39
586,-249.002,0,Fall,43
587,-149.003,0,Boss,38
588,-249.003,0,Fall,29
New Model
3,-249.002,150,Fall,124
4,-249.002,0,Fall,38
5,-149.002,0,Boss,18
6,-149.003,0,Boss,56
7,-149.003,0,Boss,0
8,-149.004,150,Boss,47
9,-249.004,0,Fall,11
10,-249.004,0,Fall,18
11,-149.004,0,Boss,21
12,-249.005,0,Fall,75

13,-149.0,0,Boss,29
14,-149.001,150,Boss,30
15,-149.001,450,Boss,42
16,-249.001,150,Fall,42

1,-149.0,450,Boss,36
2,-199.001,0,Fall,24
3,-199.001,0,Fall,38
4,-199.001,0,Fall,21
5,-199.002,150,Fall,55
6,-199.002,0,Fall,10
7,-199.002,0,Fall,22


1,-199.0,0,Fall,29
2,-199.001,0,Fall,28
3,-199.001,150,Fall,48
4,-199.001,0,Fall,15
5,-199.002,0,Fall,28
6,-149.002,0,Boss,47
7,-199.002,0,Fall,45
8,-199.003,150,Fall,34
9,-149.003,0,Boss,33
10,-199.003,0,Fall,28
11,-199.004,0,Fall,15
12,-199.004,0,Fall,20
13,-199.004,0,Fall,22
14,-199.004,0,Fall,26
15,-199.005,0,Fall,72
16,-249.005,0,WIN,7
17,-149.005,450,Boss,29
18,-149.006,150,Boss,63
19,-199.006,0,Fall,19
20,-149.007,900,Boss,74
21,-199.007,0,Fall,24
22,-199.007,0,Fall,20
23,-149.008,450,Boss,29
24,-199.008,0,Fall,14
25,-199.008,0,Fall,12
26,-199.008,0,Fall,28
27,-199.009,0,Fall,62
28,-199.009,0,Fall,15
29,-199.009,0,Fall,35
30,-199.01,0,Fall,42
31,-199.01,0,Fall,31
32,-199.01,0,Fall,20
33,300.989,900,Boss,53
34,-149.012,150,Boss,53
35,-149.012,0,Boss,34
36,-149.012,0,Boss,53
37,-199.013,0,Fall,15
38,-199.013,0,Fall,46
39,-199.013,0,Fall,33
40,-199.014,150,Fall,47
41,-199.014,0,Fall,8
42,-199.014,0,Fall,40
43,-149.015,0,Boss,42
44,-199.015,0,Fall,9
45,-199.015,0,Fall,29
46,-249.015,0,WIN,15
47,-149.016,1500,Boss,102
48,-49.017,150,Fall,29
49,-199.017,0,Fall,14
50,-199.017,0,Fall,14
51,-199.017,0,Fall,21
52,-199.017,0,Fall,27
53,-199.018,0,Fall,17
54,-199.018,0,Fall,40
55,-149.018,150,Boss,35
56,-149.019,0,Boss,28
57,-149.019,450,Boss,49
58,-149.02,900,Boss,64
59,150.98,450,Boss,37
60,-149.02,0,Boss,21
61,-199.021,0,Fall,9
62,-199.021,0,Fall,34
63,-199.021,0,Fall,24
64,-199.021,0,Fall,27
65,-149.022,450,Boss,43
66,-149.023,900,Boss,68
67,-199.023,900,Fall,39
68,-199.023,0,Fall,34
69,-149.024,0,Boss,37
70,-199.024,0,Fall,23
71,-149.024,0,Boss,45
72,-199.025,450,Fall,27
73,-199.025,0,Fall,15
74,-199.025,0,Fall,19
75,-199.026,0,Fall,50
76,-249.026,0,WIN,2
77,-149.026,450,Boss,30
78,-199.026,0,Fall,13
79,-149.026,0,Boss,33
80,-149.027,0,Boss,59
81,-149.027,0,Boss,49
82,0.972,150,Boss,39
83,-149.028,0,Boss,30
84,-199.029,0,Fall,34
85,-199.029,0,Fall,15
86,-149.029,0,Boss,45
87,-199.03,0,Fall,41
88,-199.03,0,Fall,61
89,-199.031,150,Fall,50
90,-199.031,450,Fall,27
91,-149.031,0,Boss,28
92,-199.031,0,Fall,19
93,-199.032,0,Fall,32
94,-199.032,1500,Fall,43
95,-149.033,2250,Boss,46
96,-149.033,450,Boss,45
97,-199.034,900,Fall,48
98,-149.034,0,Boss,60
99,-149.035,0,Boss,54
100,-199.035,0,Fall,23
101,-149.035,450,Boss,25
102,-199.036,900,Fall,36
103,-149.036,0,Boss,12
104,-199.036,0,Fall,14
105,-149.036,1500,Boss,32
106,-149.037,150,Boss,40
107,-199.037,2250,Fall,34
108,-149.037,0,Boss,35
109,-149.038,0,Boss,26
110,-149.038,900,Boss,52
111,-149.039,150,Boss,61
112,-199.039,0,Fall,8
113,-149.039,150,Boss,37
114,-199.04,0,Fall,32
115,-149.04,900,Boss,54
116,-149.041,450,Boss,49
117,-199.041,0,Fall,24
118,-199.041,0,Fall,36
119,-199.042,0,Fall,32
120,-199.042,0,Fall,18
121,-199.042,2250,Fall,54
122,-199.0,0,Fall,29
123,-149.001,0,Boss,51
124,-149.002,0,Boss,102
125,-149.002,0,Boss,30
126,-199.003,0,Fall,69
127,-199.003,0,Fall,32
128,-199.004,0,Fall,37
129,-199.004,0,Fall,26
130,-149.004,450,Boss,36
131,-199.005,0,Fall,45
132,-149.005,0,Boss,33
133,-199.005,0,Fall,11
134,-149.006,150,Boss,37
135,-149.006,450,Boss,56
136,-199.007,450,Fall,54
137,-149.007,0,Boss,38
138,-199.007,0,Fall,30
139,-199.007,0,Fall,13
140,-149.008,0,Boss,27
141,-199.008,150,Fall,25
142,-199.008,0,Fall,10
143,-149.009,0,Boss,49
144,-199.009,0,Fall,26
145,-199.009,0,Fall,29
146,550.99,2250,Fall,45
147,-199.01,0,Fall,27
148,-149.01,150,Boss,31
149,-149.011,0,Boss,61
150,-199.011,150,Fall,44
151,-199.011,0,Fall,10
152,450.988,1500,Boss,39
153,-149.012,0,Boss,29
154,0.988,150,Boss,25
155,-149.013,150,Boss,43
156,300.987,900,Boss,65
157,-149.014,1500,Boss,34
158,-149.014,0,Boss,40
159,-199.015,450,Fall,30
160,250.985,900,Fall,25
161,-149.015,450,Boss,42
162,-249.015,0,WIN,11
163,-149.016,150,Boss,62
164,-199.016,0,Fall,28
165,-149.017,150,Boss,28
166,-199.017,4200,Fall,50
167,-149.018,150,Boss,50
168,-199.018,0,Fall,50
169,-199.018,0,Fall,24
170,-199.019,450,Fall,70
171,-149.019,0,Boss,30
172,-149.02,0,Boss,41
173,-149.02,1500,Boss,45
174,-199.02,0,Fall,22
175,-199.021,450,Fall,53
176,-149.021,450,Boss,33
177,-149.022,150,Boss,38
178,-199.022,0,Fall,47
179,-199.022,0,Fall,24
180,250.977,900,Fall,57
181,-149.023,0,Boss,36
182,-149.024,450,Boss,46
183,-199.024,0,Fall,40
184,600.975,2250,Boss,31
185,-149.025,4200,Boss,74
186,-249.026,0,WIN,21
187,-149.026,0,Boss,23
188,-149.026,900,Boss,42
189,-149.0,450,Boss,24
190,-149.001,150,Boss,52
191,-199.001,450,Fall,46
192,-149.002,8250,Boss,74
193,-199.002,450,Fall,41
194,-149.002,0,Boss,4
195,-149.003,0,Boss,42
196,-149.003,0,Boss,25
197,-149.004,0,Boss,35
198,-149.004,0,Boss,30
199,-149.004,900,Boss,28
200,-199.004,0,Fall,35
201,-149.005,0,Boss,28
202,-149.005,0,Boss,56
203,-149.006,450,Boss,26
204,-199.006,450,Fall,33
205,250.994,900,Fall,53
206,-149.007,0,Boss,27
207,-149.007,450,Boss,29
208,-149.007,900,Boss,42
209,-199.008,2250,Fall,30
210,-149.008,0,Boss,39
211,-149.009,900,Boss,54
212,-149.009,450,Boss,33
213,-149.009,900,Boss,30
214,-149.01,900,Boss,43
215,-149.01,0,Boss,38
216,-149.01,1500,Boss,19
217,-149.011,0,Boss,24
218,-199.011,2250,Fall,33
219,-199.011,0,Fall,30
220,-199.012,0,Fall,30
221,-149.012,450,Boss,44
222,-199.012,0,Fall,37
223,-149.013,450,Boss,34
224,-149.013,450,Boss,57
225,-149.014,150,Boss,54
226,-149.014,150,Boss,29
227,100.985,450,Fall,27
228,-149.015,900,Boss,39
229,-199.015,450,Fall,31
230,-149.015,0,Boss,11
231,-149.016,1500,Boss,36
232,-149.016,900,Boss,26
233,300.984,900,Boss,35
234,0.983,150,Boss,25
235,600.983,2250,Boss,49
236,-199.018,0,Fall,41
237,-149.018,1500,Boss,30
238,300.982,900,Boss,53
239,1350.981,8250,Boss,53
240,-149.019,150,Boss,28
241,-149.02,150,Boss,38
242,-199.02,0,Fall,30
243,400.98,1500,Fall,27
244,-199.02,450,Fall,25
245,-149.02,0,Boss,0
246,-199.021,900,Fall,41
247,-149.021,2250,Boss,35
248,-149.022,0,Boss,32
249,-249.022,0,WIN,0
250,-249.022,0,WIN,1
251,-149.022,150,Boss,26
252,-199.022,5400,Fall,58
253,100.977,450,Fall,31
1,-149.0,500,Boss,38
2,-199.001,0,Fall,22
3,-199.001,0,Fall,38
4,-199.001,0,Fall,21
5,-199.002,150,Fall,39
6,-199.002,150,Fall,46
7,-149.003,300,Boss,49
8,-199.003,0,Fall,41
9,-149.004,0,Boss,59
10,-199.004,0,Fall,19
11,-149.004,0,Boss,37
12,-199.005,50,Fall,30
13,-149.005,0,Boss,50
14,-199.005,0,WIN,10
15,-99.005,50,Boss,35
16,-199.006,0,Fall,62
17,-199.006,0,Fall,13
18,-199.006,0,Fall,21
19,-199.007,0,Fall,14
20,-199.007,150,Fall,37
21,-199.007,0,Fall,48
22,-199.008,150,Fall,40
23,-199.008,0,Fall,21
24,-199.008,0,Fall,22
25,-149.009,0,Boss,52
26,-149.009,0,Boss,26
27,-149.01,500,Boss,34
28,-199.01,0,Fall,31
29,-199.01,0,Fall,11
30,-149.01,50,Boss,29
31,-199.01,0,Fall,23
32,-149.011,0,Boss,35
33,-199.011,0,Fall,34
34,-149.012,0,Boss,30
35,-149.012,0,Boss,41
36,-149.012,150,Boss,52
37,-199.013,0,Fall,18
38,-199.013,0,Fall,61
39,-149.014,500,Boss,56
40,-149.014,0,Boss,48
41,-199.014,0,Fall,13
42,-149.015,0,Boss,57
43,-199.015,0,Fall,12
44,-199.015,0,Fall,18
45,-149.016,0,Boss,33
46,-149.016,50,Fall,45
47,-149.016,300,Boss,27
48,-199.017,0,Fall,21
49,-199.017,0,Fall,24
50,-199.017,0,Fall,24
51,-199.017,0,Fall,32
52,-199.018,0,Fall,15
53,-99.018,50,Boss,31
54,-199.018,0,Fall,45
55,-199.019,300,Fall,60
56,-199.019,0,Fall,11
57,-99.019,50,Boss,27
58,-149.001,0,Boss,56
59,-149.001,50,Boss,30
60,-199.001,0,Fall,16
61,-199.001,0,Fall,16
62,-199.001,0,Fall,11
63,-199.002,0,Fall,25
64,-199.002,0,WIN,0
65,-199.002,0,WIN,1
66,-149.002,0,Boss,62
67,-199.002,0,Fall,23
68,-199.003,150,Fall,68
69,-149.004,150,Boss,43
70,-199.004,0,Fall,28
71,100.996,750,Boss,43
72,-199.005,0,Fall,21
73,-199.005,0,Fall,37
74,-199.005,0,WIN,18
75,-199.006,0,Fall,45
76,-199.006,150,Fall,30
77,-199.006,0,Fall,44
78,-199.007,150,Fall,40
79,-199.007,0,Fall,39
80,-199.007,0,Fall,13
81,-149.008,0,Boss,62
82,-199.008,0,Fall,27
83,-149.009,50,Boss,41
84,-199.009,150,Fall,55
85,-149.01,150,Boss,41
86,-199.01,0,Fall,46
87,-149.01,0,Boss,16
88,-199.01,0,Fall,22
89,-199.011,0,Fall,38
90,-199.012,750,Fall,70
91,-149.012,0,Boss,27
92,-149.012,300,Boss,31
93,-149.013,150,Boss,62
94,-199.013,50,Fall,31
95,-199.013,500,Fall,36
96,-199.014,0,Fall,13
97,-199.014,0,Fall,38
98,-149.015,150,Boss,52
99,-149.015,0,Boss,51
100,-149.015,0,Boss,28
101,-199.016,50,Fall,35
102,-199.016,0,Fall,24
103,-199.016,0,Fall,21
104,-199.017,50,Fall,31
105,-199.017,0,Fall,16
106,-199.017,0,Fall,25
107,-199.017,0,Fall,21
108,-199.017,0,Fall,22
109,-149.018,0,Boss,51
110,-199.018,0,Fall,16
111,-199.018,300,Fall,39
112,-199.019,0,Fall,27
113,-149.019,0,Boss,17
114,-199.019,0,Fall,19
115,-199.02,300,Fall,46
116,-199.02,0,Fall,22
117,-199.02,150,Fall,50
118,-149.021,0,Boss,22
119,-199.021,0,Fall,10
120,-199.021,0,Fall,37
121,-199.021,0,Fall,38
122,-199.022,0,Fall,48
123,-149.022,750,Boss,50
124,-149.023,0,Boss,24
125,-199.023,0,Fall,11
126,-149.023,300,Boss,48
127,-149.024,300,Boss,38
128,-149.024,50,Boss,34
129,-149.024,0,Boss,34
130,-149.025,50,Boss,74
131,-149.026,0,Boss,62
132,-149.026,0,Boss,46
133,-199.027,0,Fall,36
134,-199.027,0,Fall,44
135,-149.027,0,Boss,30
136,-199.028,0,Fall,37
137,-199.028,150,Fall,43
138,-199.028,0,Fall,17
139,-199.029,300,Fall,60
140,-149.03,150,Boss,77
141,-199.03,0,Fall,32
142,-149.031,0,Boss,50
143,-149.031,500,Boss,38
144,150.968,1050,Boss,57
145,-199.032,500,Fall,26
146,-149.032,0,Boss,53
147,-99.033,50,Boss,27
148,-149.033,0,Boss,33
149,-199.033,0,Fall,42
150,-149.034,0,Boss,55
151,-199.034,0,Fall,13
152,-199.035,0,Fall,63
153,-149.035,750,Boss,48
154,-199.036,0,Fall,29
155,-199.036,0,Fall,35
156,-149.036,300,Boss,35
157,-149.037,300,Boss,37
158,-149.037,0,Boss,25
159,-199.037,0,Fall,20
160,-199.037,0,Fall,27
161,100.962,750,Boss,71
162,-149.039,500,Boss,58
163,-149.039,0,Boss,49
164,-149.039,50,Boss,24
165,-149.04,500,Boss,31
166,-149.04,0,Boss,30
167,-199.041,0,Fall,55
168,-199.041,0,WIN,27
169,-149.041,50,Boss,51
170,-199.042,150,Fall,42
171,-199.042,0,Fall,13
172,-149.042,50,Boss,28
173,-199.043,500,Fall,36
174,-199.043,0,Fall,31
175,-199.043,0,Fall,35
176,-149.044,150,Boss,59
177,-199.044,0,Fall,36
178,150.955,1050,Boss,49
179,-199.045,0,Fall,20
180,-149.045,150,Boss,22
181,-149.046,50,Fall,37
182,-199.046,50,WIN,39
183,-149.046,0,Boss,35
184,-149.047,50,Boss,41
185,-199.047,0,Fall,24
186,-199.047,0,Fall,36
187,-199.048,50,Fall,10
188,-199.048,500,Fall,50
189,-149.049,50,Boss,48
190,-149.049,500,Boss,42
191,-199.049,0,Fall,23
192,-199.05,500,Fall,62
193,-199.05,750,Fall,32
194,-199.051,0,Fall,35
195,-149.051,0,Boss,24
196,-149.051,0,Boss,30
197,-199.051,0,Fall,19
198,-149.052,50,Boss,36
199,-199.052,0,Fall,25
200,-149.052,0,Boss,24
201,-199.052,150,Fall,24
202,-199.053,750,Fall,58
203,-199.053,0,Fall,25
204,-199.053,0,Fall,21
205,-149.054,0,Boss,47
206,-199.054,50,Fall,50
207,-199.055,0,Fall,23
208,-149.055,0,Boss,45
209,-149.055,500,Boss,40
210,-149.056,300,Boss,29
211,-199.056,2750,Fall,63
212,-149.057,300,Boss,64
213,-149.057,0,Boss,11
214,-149.057,0,Boss,27
215,-49.058,150,Boss,49
216,-199.058,1050,Fall,56
217,50.941,500,Boss,39
218,-49.059,150,Boss,29
219,-199.059,0,Fall,9
220,-149.06,300,Boss,43
221,-199.06,1050,Fall,65
222,-99.061,50,Boss,47
223,-149.061,50,Boss,42
224,-149.062,50,Boss,48
225,-199.062,50,Fall,32
226,-199.062,0,Fall,13
227,-149.063,150,Boss,34
228,-199.063,0,Fall,45
229,-199.063,50,Fall,39
230,-149.064,50,Boss,31
231,-199.064,0,Fall,33
232,-149.064,0,Boss,30
233,-149.065,300,Boss,44
234,-199.065,150,Fall,46
235,-199.066,0,Fall,40
236,-149.066,0,Boss,41
237,0.933,300,Boss,35
238,-199.067,0,Fall,23
239,-199.067,500,WIN,58
240,-199.068,0,Fall,29
241,-199.068,0,Fall,19
242,-149.068,0,Boss,45
243,-199.069,50,Fall,50
244,-199.069,0,Fall,14
245,-199.069,0,Fall,30
246,-149.07,50,Boss,47
247,-149.07,0,Boss,48
248,0.929,300,Boss,67
249,-149.072,1800,Boss,76
250,-199.072,0,Fall,29
251,-149.072,150,Boss,32
252,-149.073,0,Boss,20
253,-149.073,0,Boss,29
254,-149.073,0,Boss,42
255,-149.073,0,Boss,20
256,-199.074,0,Fall,18
257,-199.074,0,WIN,0
258,-199.074,0,WIN,1
259,-149.074,0,Boss,48
260,-199.074,0,Fall,24
261,-199.075,0,Fall,27
262,-149.075,150,Boss,35
263,-199.076,150,Fall,45
264,-149.076,300,Boss,38
265,-149.076,50,Boss,38
266,-149.077,0,Boss,32
267,-199.077,0,Fall,7
268,-199.077,0,Fall,13
269,-49.077,150,Boss,21
270,-149.077,0,Boss,32
271,-199.078,0,Fall,29
272,-149.078,50,Boss,43
273,-199.079,0,Fall,39
274,-149.079,0,Boss,43
275,-199.079,0,Fall,25
276,-149.08,0,Boss,35
277,-199.08,0,Fall,35
278,-199.08,0,Fall,18
279,-199.081,0,Fall,56
280,-149.081,50,Fall,41
281,-199.082,0,Fall,47
282,-149.082,0,Boss,44
283,-149.082,0,Boss,39
284,-149.083,150,Boss,46
285,-199.083,0,Fall,33
286,-199.084,150,Fall,45
287,-199.084,150,Fall,30
288,-149.085,750,Boss,66
289,-199.085,0,Fall,57
290,-199.086,0,Fall,58
291,-199.086,0,Fall,21
292,-149.087,0,Boss,52
293,-199.087,0,Fall,40
294,-49.087,150,Boss,41
295,-149.088,0,Boss,32

